;;;;;DENMARK;;;;;;;;;;;;;;;;;;;;;;;
Units:;;;Kroner per US $;US dollars;Kroner;Kroner;Kroner;Kroner;Kroner;% per annum;% per annum;index;index;index(loc curr);Dollars;Dollars;Dollars;Dollars;Krona;Index;Index;% per year;%per year;Millions of Dollars;Dollars;Millions of dollars;DM/$;Dollars
Source:;;;IFS;IFS;IFS;IFS;IFS;IFS;IFS;IFS;IFS;IFS;IFS;IFS;IFS;IFS;IFS;IFS;WEO;IFS;IFS;IFS;IFS;BIS;BIS;BIS;IFS;BIS
Code;;;AE..ZF;1L..DZF;14..ZF;line 24+line 25;32..ZF;34..ZF;line 34+35;60L..ZF(quarterly);60P..ZF(quarterly);64..ZF;66C..ZF;62A..ZF;71D..ZF;70D..ZF;74..DZF(quarterly);75..DZF(quarterly);;11164..ZF;13464..ZF;11160B..ZF;13460B..ZF;Table 6A;Table 9A;Table 6A;134AE..ZF;Table 9A
;;;Exchange;;;;Domestic;;;Deposit;Lending;;;Stock;;;Export;Import;;;;;;Total;Claims Assets up;Total;;Claims
;BOP;BANK;Rate;Reserves;M0;Deposits;Credit;M1;M2;Rate;Rate;Prices;IP;Price;Imports;Exports;Prices;Prices;annual Real GDP interpolated;US CPI;GERMAN CPI;US FED FUNDS RATE;GERMAN RATE;ASSETS;to one year;Liabilities;DM/$;Total Assets
;;;;;;;;;;;;;;;;;;;;;;;;;;;;
ene-70;0;0;7,50;311140000,00;8322000000,00;50379593854,12;59022000000,00;28592000000,00;53620000000,00;#N/D;#N/D;21,28;56,13;10,00;325733330,00;236800000,00;#N/D;#N/D;532119923371,65;28,90;44,90;8,96;9,00;#N/D;#N/D;#N/D;3,69;#N/D
feb-70;0;0;7,50;319940000,00;8216000000,00;48613862609,58;57792000000,00;27120000000,00;52223000000,00;#N/D;#N/D;21,43;56,13;10,00;338133330,00;248400000,00;#N/D;#N/D;533047126436,78;29,10;44,90;8,97;9,50;#N/D;#N/D;#N/D;3,69;#N/D
mar-70;0;0;7,50;359840000,00;8270000000,00;48556046630,78;57091000000,00;27142000000,00;52257000000,00;#N/D;#N/D;21,55;56,72;10,00;354400000,00;282000000,00;#N/D;#N/D;534067049808,43;29,30;45,20;7,71;9,56;#N/D;#N/D;#N/D;3,66;#N/D
abr-70;0;0;7,51;289550000,00;7781000000,00;50201458135,65;59093000000,00;28862000000,00;54479000000,00;#N/D;#N/D;21,61;62,06;10,00;404266670,00;298666670,00;#N/D;#N/D;535086973180,08;29,40;45,30;8,09;9,56;#N/D;#N/D;#N/D;3,64;#N/D
may-70;0;0;7,50;273550000,00;7691000000,00;49327968077,51;58030000000,00;27564000000,00;53364000000,00;#N/D;#N/D;21,81;60,71;9,00;360133330,00;255866670,00;#N/D;#N/D;536060536398,47;29,60;45,30;7,86;9,56;#N/D;#N/D;#N/D;3,63;#N/D
jun-70;0;0;7,50;253260000,00;7836000000,00;49832685946,52;58621000000,00;26901000000,00;53022000000,00;#N/D;#N/D;21,82;59,36;9,00;393600000,00;292533330,00;#N/D;#N/D;537080459770,11;29,70;45,50;7,54;9,56;#N/D;#N/D;#N/D;3,63;#N/D
jul-70;0;0;7,51;234850000,00;7813000000,00;50312402311,19;59813000000,00;27782000000,00;54196000000,00;#N/D;#N/D;22,26;62,91;9,00;329600000,00;254133330,00;#N/D;#N/D;538146743295,02;29,80;45,50;7,13;9,53;#N/D;#N/D;#N/D;3,63;#N/D
ago-70;0;0;7,51;281910000,00;7867000000,00;49537355676,42;58482000000,00;26707000000,00;53120000000,00;#N/D;#N/D;22,31;61,48;9,00;329066670,00;273333330,00;#N/D;#N/D;539120306513,41;29,90;45,50;6,62;9,17;#N/D;#N/D;#N/D;3,63;#N/D
sept-70;0;0;7,50;303660000,00;7770000000,00;49037325589,47;59000000000,00;26361000000,00;52930000000,00;#N/D;#N/D;22,51;61,48;8,00;354400000,00;292666670,00;#N/D;#N/D;540140229885,06;30,00;45,50;6,26;9,25;#N/D;#N/D;#N/D;3,63;#N/D
oct-70;0;0;7,50;363260000,00;7554000000,00;49821747788,37;59417000000,00;27343000000,00;53903000000,00;#N/D;#N/D;22,57;62,46;8,00;374933330,00;314000000,00;#N/D;#N/D;541160153256,70;30,20;45,70;6,18;9,34;#N/D;#N/D;#N/D;3,63;#N/D
nov-70;0;0;7,49;399050000,00;7257000000,00;50104577306,30;58655000000,00;27826000000,00;54418000000,00;#N/D;#N/D;22,72;63,22;8,00;424266670,00;320000000,00;#N/D;#N/D;542133716475,10;30,30;45,80;5,59;8,88;#N/D;#N/D;#N/D;3,63;#N/D
dic-70;0;0;7,49;419030000,00;7558000000,00;50563979948,69;58991000000,00;27467000000,00;54385000000,00;#N/D;#N/D;22,70;60,21;8,00;418666670,00;287733330,00;#N/D;#N/D;543200000000,00;30,40;46,10;4,85;8,22;#N/D;#N/D;#N/D;3,65;#N/D
ene-71;0;0;7,49;442690000,00;7170000000,00;50009259070,98;58691000000,00;27158000000,00;54232000000,00;#N/D;#N/D;22,70;60,50;8,00;321733330,00;245333330,00;#N/D;#N/D;544270114942,53;30,50;46,70;4,29;7,50;#N/D;#N/D;#N/D;3,63;#N/D
feb-71;0;0;7,49;479380000,00;6327000000,00;49792058501,96;58301000000,00;27076000000,00;54145000000,00;#N/D;#N/D;22,70;60,50;8,00;343866670,00;266533330,00;#N/D;#N/D;545289272030,65;30,50;47,00;3,66;7,41;#N/D;#N/D;#N/D;3,63;#N/D
mar-71;0;0;7,48;530000000,00;6286000000,00;49437349659,03;58035000000,00;26833000000,00;53951000000,00;#N/D;#N/D;22,72;61,13;8,00;466533330,00;315733330,00;#N/D;#N/D;546461302681,99;30,60;47,30;3,71;7,40;#N/D;#N/D;#N/D;3,63;#N/D
abr-71;0;0;7,50;409760000,00;6328000000,00;50843684278,57;59439000000,00;28275000000,00;55679000000,00;#N/D;#N/D;22,95;61,42;8,00;330133330,00;285600000,00;#N/D;#N/D;547582375478,93;30,70;47,60;4,16;6,27;#N/D;#N/D;#N/D;3,63;#N/D
may-71;1;0;7,50;359860000,00;6215000000,00;51073385599,76;59864000000,00;28464000000,00;55997000000,00;#N/D;#N/D;23,31;60,08;8,00;401066670,00;321733330,00;#N/D;#N/D;548652490421,46;30,90;47,60;4,66;6,16;#N/D;#N/D;#N/D;3,55;#N/D
jun-71;0;0;7,50;359760000,00;6320000000,00;52223454799,75;61272000000,00;28359000000,00;56064000000,00;#N/D;#N/D;23,39;58,75;8,00;434000000,00;328400000,00;#N/D;#N/D;549773563218,39;31,00;47,90;4,91;6,65;#N/D;#N/D;#N/D;3,50;#N/D
jul-71;0;0;7,50;369560000,00;6322000000,00;52060945021,49;62105000000,00;29097000000,00;56902000000,00;#N/D;#N/D;23,42;63,55;8,00;334266670,00;259200000,00;#N/D;#N/D;550894636015,33;31,10;48,00;5,30;7,64;#N/D;#N/D;#N/D;3,46;#N/D
ago-71;0;0;7,35;358860000,00;6342000000,00;52285958560,62;61908000000,00;28820000000,00;56709000000,00;#N/D;#N/D;23,51;62,11;8,00;346000000,00;313866670,00;#N/D;#N/D;552015708812,26;31,20;48,00;5,57;7,58;#N/D;#N/D;#N/D;3,40;#N/D
sept-71;0;0;7,29;357760000,00;6599000000,00;52693795600,28;64713000000,00;29324000000,00;57445000000,00;#N/D;#N/D;23,67;62,11;8,00;386422620,00;322087150,00;#N/D;#N/D;553136781609,20;31,20;48,20;5,52;7,57;#N/D;#N/D;#N/D;3,32;#N/D
oct-71;0;0;7,26;405130000,00;6886000000,00;53390712533,97;62681000000,00;29382000000,00;57659000000,00;#N/D;#N/D;23,78;64,36;8,00;402366860,00;350901330,00;#N/D;#N/D;554206896551,72;31,30;48,40;5,20;7,86;#N/D;#N/D;#N/D;3,34;#N/D
nov-71;0;0;7,23;525430000,00;7607000000,00;56651846257,29;63427000000,00;30755000000,00;59935000000,00;#N/D;#N/D;23,95;65,13;8,00;414210960,00;333379230,00;#N/D;#N/D;555327969348,66;31,30;48,50;4,89;6,89;#N/D;#N/D;#N/D;3,31;#N/D
dic-71;0;0;7,06;652946440,00;7845000000,00;56281511474,14;63472000000,00;29611000000,00;59210000000,00;#N/D;#N/D;24,01;62,03;8,00;427054260,00;337321940,00;#N/D;#N/D;556500000000,00;31,50;48,70;4,09;6,60;#N/D;#N/D;#N/D;3,27;#N/D
ene-72;0;0;7,01;708768610,00;7204000000,00;55454899236,65;62554000000,00;28951000000,00;58992000000,00;#N/D;#N/D;24,04;64,24;8,00;369617730,00;332101750,00;#N/D;#N/D;558947307692,31;31,50;49,30;3,54;5,35;#N/D;#N/D;#N/D;3,21;#N/D
feb-72;0;0;6,99;779990320,00;6237000000,00;54759544896,99;61681000000,00;28869000000,00;58679000000,00;#N/D;#N/D;24,14;64,24;9,00;409809110,00;348180450,00;#N/D;#N/D;561394615384,62;31,60;49,50;3,29;5,06;#N/D;#N/D;#N/D;3,19;#N/D
mar-72;0;0;6,98;788322270,00;6555000000,00;55458024424,70;62240000000,00;29845000000,00;59861000000,00;#N/D;#N/D;24,31;64,92;9,00;443854110,00;373779440,00;#N/D;#N/D;564075000000,00;31,70;49,70;3,84;4,73;#N/D;#N/D;#N/D;3,17;#N/D
abr-72;0;0;7,00;744959410,00;6543000000,00;56987803971,96;64608000000,00;31352000000,00;61820000000,00;#N/D;#N/D;24,48;68,46;10,00;373678190,00;341526150,00;#N/D;#N/D;566405769230,77;31,80;49,90;4,17;4,80;#N/D;#N/D;#N/D;3,18;#N/D
may-72;0;0;6,94;740859410,00;7586000000,00;57578464512,17;64918000000,00;31560000000,00;62344000000,00;#N/D;#N/D;24,72;66,97;10,00;418028090,00;394239040,00;#N/D;#N/D;569086153846,15;31,90;50,00;4,26;4,60;#N/D;#N/D;#N/D;3,18;#N/D
jun-72;0;0;6,96;717359410,00;7780000000,00;58892606084,43;67003000000,00;32028000000,00;62851000000,00;#N/D;#N/D;24,89;65,48;11,00;402789760,00;392292210,00;#N/D;#N/D;571650000000,00;31,90;50,20;4,47;4,59;#N/D;#N/D;#N/D;3,16;#N/D
jul-72;0;0;6,96;694559410,00;7506000000,00;58426953065,96;67005000000,00;31978000000,00;63213000000,00;#N/D;#N/D;24,93;67,36;11,00;394026420,00;315623210,00;#N/D;#N/D;574097307692,31;32,10;50,50;4,52;4,64;#N/D;#N/D;#N/D;3,17;#N/D
ago-72;0;0;6,89;724859410,00;7952000000,00;59847351031,70;67324000000,00;32132000000,00;63805000000,00;#N/D;#N/D;25,02;65,83;11,00;406349210,00;333044730,00;#N/D;#N/D;576777692307,69;32,10;50,50;4,82;4,75;#N/D;#N/D;#N/D;3,19;#N/D
sept-72;0;0;6,93;646859410,00;7947000000,00;59778596894,74;69392000000,00;32526000000,00;64412000000,00;#N/D;#N/D;25,22;65,83;11,00;430495220,00;368809730,00;#N/D;#N/D;579225000000,00;32,20;51,10;4,82;5,27;#N/D;#N/D;#N/D;3,20;#N/D
oct-72;0;0;6,92;634737700,00;7841000000,00;60652086952,88;69077000000,00;32674000000,00;64524000000,00;#N/D;#N/D;25,40;66,25;14,00;486986700,00;427125510,00;#N/D;#N/D;581788846153,85;32,30;51,30;5,08;6,88;#N/D;#N/D;#N/D;3,20;#N/D
nov-72;0;0;6,87;723737700,00;8410000000,00;63955410714,79;70876000000,00;34778000000,00;67676000000,00;#N/D;#N/D;25,62;67,05;16,00;496157750,00;399304050,00;#N/D;#N/D;584352692307,69;32,40;51,50;5,05;7,95;#N/D;#N/D;#N/D;3,20;#N/D
dic-72;0;0;6,85;785937700,00;8253000000,00;65027350213,68;72120000000,00;33640000000,00;67124000000,00;#N/D;#N/D;25,71;63,85;16,00;455646340,00;406186170,00;#N/D;#N/D;586800000000,00;32,50;51,80;5,33;8,63;#N/D;#N/D;#N/D;3,20;#N/D
ene-73;0;0;6,84;823737700,00;7879000000,00;63400689837,08;71009000000,00;33179000000,00;67089000000,00;#N/D;#N/D;25,75;69,23;18,00;565387970,00;375617550,00;#N/D;#N/D;588782758620,69;32,60;52,30;5,95;7,88;#N/D;#N/D;#N/D;3,16;#N/D
feb-73;0;0;6,18;958887090,00;7213000000,00;62713148467,52;70791000000,00;32449000000,00;66727000000,00;#N/D;#N/D;26,02;69,23;18,00;507290870,00;451112820,00;#N/D;#N/D;590506896551,72;32,90;52,70;6,54;7,94;#N/D;#N/D;#N/D;2,84;#N/D
mar-73;0;0;6,21;997887090,00;7237000000,00;63285057879,47;71149000000,00;33440000000,00;67765000000,00;#N/D;#N/D;26,18;69,96;18,00;571197410,00;489320390,00;#N/D;#N/D;592403448275,86;33,20;53,10;7,04;8,51;#N/D;#N/D;#N/D;2,84;#N/D
abr-73;0;0;6,25;1088482000,00;7419000000,00;65172671457,70;72439000000,00;34331000000,00;69198000000,00;#N/D;#N/D;26,52;67,82;18,00;550088440,00;422254380,00;#N/D;#N/D;594213793103,45;33,40;53,40;7,12;10,91;#N/D;#N/D;#N/D;2,84;#N/D
may-73;0;0;6,04;1096851600,00;8166000000,00;66455561149,53;73515000000,00;35306000000,00;70748000000,00;#N/D;#N/D;26,86;66,34;18,00;708218510,00;517750040,00;#N/D;#N/D;596196551724,14;33,60;53,70;7,82;12,52;#N/D;#N/D;#N/D;2,73;#N/D
jun-73;1;0;5,69;1088251600,00;8248000000,00;68243168710,37;75793000000,00;36314000000,00;71831000000,00;#N/D;#N/D;27,07;64,87;19,00;630642950,00;518980850,00;#N/D;#N/D;598006896551,72;33,80;54,00;8,49;13,87;#N/D;#N/D;#N/D;2,43;#N/D
jul-73;0;0;5,52;1035263600,00;8228000000,00;67858770581,03;76739000000,00;35739000000,00;71868000000,00;#N/D;#N/D;27,25;70,54;19,00;620484100,00;520953760,00;#N/D;#N/D;599903448275,86;33,90;54,20;10,43;14,05;#N/D;#N/D;#N/D;2,35;#N/D
ago-73;0;0;5,80;832263630,00;8038000000,00;68479120407,65;76556000000,00;36035000000,00;72548000000,00;#N/D;#N/D;27,42;68,94;19,00;659250180,00;479327260,00;#N/D;#N/D;601886206896,55;34,50;54,20;10,45;14,27;#N/D;#N/D;#N/D;2,46;#N/D
sept-73;0;0;5,73;861763630,00;7888000000,00;69185412905,47;79149000000,00;36889000000,00;73843000000,00;#N/D;#N/D;27,71;68,94;19,00;664569130,00;654256250,00;#N/D;#N/D;603610344827,59;34,60;54,20;10,71;14,04;#N/D;#N/D;#N/D;2,42;#N/D
oct-73;0;0;5,71;889631880,00;7739000000,00;70404236242,40;79233000000,00;37031000000,00;74394000000,00;#N/D;#N/D;28,03;70,66;18,00;846644240,00;654860990,00;#N/D;#N/D;605593103448,28;34,90;54,60;9,97;14,34;#N/D;#N/D;#N/D;2,44;#N/D
nov-73;0;0;6,13;1141825500,00;8196000000,00;72518425953,78;79322000000,00;38145000000,00;76407000000,00;#N/D;#N/D;28,50;71,52;15,00;776715320,00;568864280,00;#N/D;#N/D;607489655172,41;35,20;55,30;10,09;13,36;#N/D;#N/D;#N/D;2,62;#N/D
dic-73;0;0;6,29;1247357600,00;8438000000,00;74063831441,26;80515000000,00;37589000000,00;76272000000,00;#N/D;#N/D;28,94;68,11;16,00;701353090,00;595038660,00;#N/D;#N/D;609300000000,00;35,40;55,80;9,87;13,01;#N/D;#N/D;#N/D;2,70;#N/D
ene-74;0;0;6,61;1082979300,00;7712000000,00;70776133619,57;79095000000,00;36189000000,00;75036000000,00;#N/D;#N/D;29,45;71,15;15,00;811261260,00;486786790,00;#N/D;#N/D;608797701149,43;35,70;56,20;9,63;11,96;#N/D;#N/D;#N/D;2,78;#N/D
feb-74;0;0;6,28;996374200,00;6883000000,00;70335482105,45;79045000000,00;35773000000,00;74884000000,00;#N/D;#N/D;29,54;71,15;15,00;800995030,00;601212690,00;#N/D;#N/D;608360919540,23;36,20;56,70;8,96;10,79;#N/D;#N/D;#N/D;2,67;#N/D
mar-74;0;0;6,06;944067850,00;6866000000,00;69049467225,58;78738000000,00;35381000000,00;74818000000,00;#N/D;#N/D;29,80;71,90;14,00;875740590,00;666773420,00;#N/D;#N/D;607902298850,57;36,60;56,80;9,34;10,98;#N/D;#N/D;#N/D;2,52;#N/D
abr-74;0;0;5,89;984822130,00;6888000000,00;71558993224,45;80781000000,00;36280000000,00;75918000000,00;#N/D;#N/D;30,30;68,90;15,00;915966390,00;620530570,00;#N/D;#N/D;607421839080,46;36,80;57,20;10,48;10,00;#N/D;#N/D;#N/D;2,45;#N/D
may-74;0;0;5,92;787687780,00;6962000000,00;72416857342,37;81169000000,00;37039000000,00;77393000000,00;#N/D;#N/D;30,70;67,40;15,00;892346940,00;686904760,00;#N/D;#N/D;606919540229,89;37,20;57,50;11,26;8,83;#N/D;#N/D;#N/D;2,53;#N/D
jun-74;0;0;6,00;721737580,00;7141000000,00;74166962646,69;83507000000,00;37225000000,00;77573000000,00;#N/D;#N/D;31,23;65,91;14,00;780381650,00;635922330,00;#N/D;#N/D;606482758620,69;37,50;57,80;11,86;9,28;#N/D;#N/D;#N/D;2,56;#N/D
jul-74;0;0;5,98;702611420,00;6999000000,00;72912199647,26;82842000000,00;37173000000,00;77255000000,00;#N/D;#N/D;31,61;65,91;13,00;809571960,00;566565550,00;#N/D;#N/D;605980459770,12;37,80;57,90;12,88;9,19;#N/D;#N/D;#N/D;2,59;#N/D
ago-74;0;0;6,13;739849920,00;7083000000,00;73521611315,73;83387000000,00;37055000000,00;77823000000,00;#N/D;#N/D;31,79;64,41;12,00;790528230,00;618314290,00;#N/D;#N/D;605500000000,00;38,30;58,00;11,97;9,48;#N/D;#N/D;#N/D;2,66;#N/D
sept-74;0;0;6,13;692442580,00;7026000000,00;74216965655,39;85711000000,00;37561000000,00;78645000000,00;#N/D;#N/D;32,32;64,41;12,00;743349990,00;673383850,00;#N/D;#N/D;605041379310,35;38,80;58,10;11,31;9,43;#N/D;#N/D;#N/D;2,65;#N/D
oct-74;0;0;5,96;698591770,00;7243000000,00;76346781306,99;86368000000,00;38261000000,00;80036000000,00;#N/D;#N/D;32,74;62,16;12,00;873424020,00;755806240,00;#N/D;#N/D;604539080459,77;39,10;58,50;10,06;9,62;#N/D;#N/D;#N/D;2,58;#N/D
nov-74;0;0;5,80;757641790,00;8678000000,00;81111130479,20;88483000000,00;40651000000,00;84052000000,00;#N/D;#N/D;33,20;62,91;11,00;823539400,00;721976900,00;#N/D;#N/D;604080459770,12;39,40;58,90;9,43;8,89;#N/D;#N/D;#N/D;2,48;#N/D
dic-74;0;0;5,65;857607630,00;8877000000,00;82103377682,99;88905000000,00;39364000000,00;82701000000,00;#N/D;#N/D;33,41;59,91;12,00;809428350,00;684834450,00;#N/D;#N/D;603600000000,00;39,70;59,00;8,43;8,55;#N/D;#N/D;#N/D;2,41;#N/D
ene-75;0;0;5,58;839099940,00;8450000000,00;78212518568,92;87520000000,00;37024000000,00;81507000000,00;#N/D;#N/D;33,44;62,16;13,00;852416400,00;654937850,00;#N/D;#N/D;603247509578,54;39,90;59,60;7,19;7,57;#N/D;#N/D;#N/D;2,34;#N/D
feb-75;0;0;5,43;781881910,00;7752000000,00;78542225907,50;88445000000,00;37195000000,00;82200000000,00;#N/D;#N/D;33,53;62,16;13,00;840495450,00;742091580,00;#N/D;#N/D;602940996168,58;40,20;59,90;6,20;6,37;#N/D;#N/D;#N/D;2,28;#N/D
mar-75;0;0;5,44;849614430,00;8159000000,00;78878183622,17;88630000000,00;37920000000,00;83416000000,00;#N/D;#N/D;33,79;57,67;13,00;780634960,00;736857590,00;#N/D;#N/D;602619157088,12;40,30;60,20;5,46;5,61;#N/D;#N/D;#N/D;2,35;#N/D
abr-75;0;0;5,48;762690050,00;8064000000,00;81898677866,14;91280000000,00;39396000000,00;86544000000,00;#N/D;#N/D;33,90;62,91;14,00;932166540,00;782874950,00;#N/D;#N/D;602281992337,16;40,50;60,70;5,52;4,79;#N/D;#N/D;#N/D;2,38;#N/D
may-75;0;0;5,46;768395260,00;7624000000,00;84526961010,67;93625000000,00;39871000000,00;88852000000,00;#N/D;#N/D;34,35;61,41;15,00;816565660,00;734176750,00;#N/D;#N/D;601944827586,21;40,70;61,00;5,23;4,94;#N/D;#N/D;#N/D;2,35;#N/D
jun-75;0;0;5,48;786006630,00;7951000000,00;87730278755,18;98795000000,00;43270000000,00;91803000000,00;#N/D;#N/D;34,55;61,41;15,00;835831880,00;811735490,00;#N/D;#N/D;601622988505,75;41,00;61,50;5,53;4,76;#N/D;#N/D;#N/D;2,35;#N/D
jul-75;0;0;5,96;718010140,00;7884000000,00;86902103923,67;99400000000,00;43488000000,00;93095000000,00;#N/D;#N/D;34,73;63,66;15,00;782861450,00;623522610,00;#N/D;#N/D;601270498084,29;41,50;61,50;6,08;4,60;#N/D;#N/D;#N/D;2,58;#N/D
ago-75;0;0;5,98;743541000,00;8221000000,00;91978971900,23;99977000000,00;42603000000,00;94645000000,00;#N/D;#N/D;34,84;61,41;15,00;726018890,00;608902830,00;#N/D;#N/D;600948659003,83;41,60;61,40;6,13;3,85;#N/D;#N/D;#N/D;2,58;#N/D
sept-75;0;0;6,22;782102250,00;7816000000,00;92861837522,50;102119000000,00;42891000000,00;94984000000,00;#N/D;#N/D;35,15;62,91;15,00;829681370,00;691291310,00;#N/D;#N/D;600611494252,87;41,80;61,70;6,22;3,88;#N/D;#N/D;#N/D;2,66;#N/D
oct-75;0;0;5,97;821978400,00;8718000000,00;97813697977,31;106493000000,00;47062000000,00;100630000000,00;#N/D;#N/D;34,26;65,16;16,00;969450440,00;904366590,00;#N/D;#N/D;600259003831,42;42,10;61,90;5,82;4,00;#N/D;#N/D;#N/D;2,56;#N/D
nov-75;0;0;6,14;809167570,00;10190000000,00;102240526840,83;109382000000,00;49097000000,00;104282000000,00;#N/D;#N/D;34,82;65,91;16,00;962510980,00;701364590,00;#N/D;#N/D;599952490421,46;42,30;62,10;5,15;4,07;#N/D;#N/D;#N/D;2,63;#N/D
dic-75;0;0;6,18;802716090,00;12328000000,00;105532912444,59;112652000000,00;49864000000,00;104985000000,00;#N/D;#N/D;34,85;66,65;17,00;1039624100,00;720127470,00;#N/D;#N/D;599600000000,00;42,50;62,20;5,20;4,18;#N/D;#N/D;#N/D;2,62;#N/D
ene-76;0;0;6,16;790754620,00;13204000000,00;102703054671,26;112995000000,00;47154000000,00;104066000000,00;#N/D;#N/D;35,05;65,16;18,00;873321320,00;666276940,00;#N/D;#N/D;602858015267,18;42,60;62,80;4,84;3,90;#N/D;#N/D;#N/D;2,59;#N/D
feb-76;0;0;6,17;778451760,00;12029000000,00;104354716552,21;114896000000,00;48218000000,00;106408000000,00;#N/D;#N/D;35,29;68,15;18,00;963769060,00;698390460,00;#N/D;#N/D;605819847328,24;42,70;63,10;4,76;3,74;#N/D;#N/D;#N/D;2,56;#N/D
mar-76;0;0;6,07;1123378300,00;11896000000,00;105136013563,07;117398000000,00;47657000000,00;107116000000,00;#N/D;#N/D;36,82;67,40;18,00;1122683100,00;778343720,00;#N/D;#N/D;609225954198,47;42,80;63,30;4,84;3,67;#N/D;#N/D;#N/D;2,54;#N/D
abr-76;0;0;6,01;1081538600,00;12171000000,00;107112695000,54;120394000000,00;49784000000,00;109635000000,00;#N/D;#N/D;36,93;68,90;19,00;1035532800,00;713470040,00;#N/D;#N/D;612483969465,65;43,00;63,70;4,84;3,57;#N/D;#N/D;#N/D;2,54;#N/D
may-76;0;0;6,12;967538910,00;12430000000,00;109283138096,70;121074000000,00;50339000000,00;111144000000,00;#N/D;#N/D;37,31;71,90;20,00;968369990,00;796112660,00;#N/D;#N/D;615593893129,77;43,20;63,80;5,27;3,68;#N/D;#N/D;#N/D;2,59;#N/D
jun-76;0;0;6,15;927780840,00;13442000000,00;112672404529,80;124598000000,00;51945000000,00;112924000000,00;#N/D;#N/D;37,22;69,65;20,00;1019132200,00;797120380,00;#N/D;#N/D;618851908396,95;43,50;63,90;5,48;4,04;#N/D;#N/D;#N/D;2,57;#N/D
jul-76;0;0;6,12;626000950,00;14068000000,00;110253508984,19;123701000000,00;50219000000,00;112627000000,00;#N/D;#N/D;37,25;69,65;21,00;836768480,00;633743390,00;#N/D;#N/D;622109923664,12;43,70;63,80;5,30;4,36;#N/D;#N/D;#N/D;2,54;#N/D
ago-76;0;0;6,06;741760110,00;13188000000,00;108514341838,02;121806000000,00;48807000000,00;110936000000,00;#N/D;#N/D;37,50;69,65;21,00;1019451000,00;729331230,00;#N/D;#N/D;625367938931,30;43,90;64,00;5,30;4,50;#N/D;#N/D;#N/D;2,53;#N/D
sept-76;0;0;5,87;539363870,00;12446000000,00;109540966110,28;126368000000,00;49345000000,00;112168000000,00;#N/D;#N/D;38,43;69,65;20,00;1102213800,00;793587240,00;#N/D;#N/D;628625954198,47;44,10;64,00;5,25;4,57;#N/D;#N/D;#N/D;2,44;#N/D
oct-76;0;0;5,89;707926900,00;13331000000,00;110211318945,60;127076000000,00;50022000000,00;113359000000,00;#N/D;#N/D;38,85;69,65;19,00;1093551300,00;818001460,00;#N/D;#N/D;631735877862,60;44,30;64,20;5,01;4,76;#N/D;#N/D;#N/D;2,41;#N/D
nov-76;0;0;5,88;714308560,00;12719000000,00;112950546265,67;125173000000,00;50662000000,00;114621000000,00;#N/D;#N/D;39,29;69,65;18,00;1202039500,00;851049410,00;#N/D;#N/D;634993893129,77;44,40;64,30;4,95;4,60;#N/D;#N/D;#N/D;2,40;#N/D
dic-76;0;0;5,79;841496490,00;12847000000,00;118783709748,73;129265000000,00;52339000000,00;117299000000,00;#N/D;#N/D;39,40;69,65;18,00;1189774500,00;839729970,00;#N/D;#N/D;638400000000,00;44,50;64,60;4,67;4,82;#N/D;#N/D;#N/D;2,36;#N/D
ene-77;0;0;5,93;999255760,00;12517000000,00;113108368261,86;123587000000,00;49995000000,00;114492000000,00;#N/D;#N/D;39,40;71,90;19,00;1065901000,00;758396900,00;52,00;51,00;639240000000,00;44,80;65,20;4,65;4,70;#N/D;#N/D;#N/D;2,42;#N/D
feb-77;0;0;5,89;1133057900,00;12454000000,00;112244253767,85;122061000000,00;49134000000,00;113849000000,00;#N/D;#N/D;39,43;71,15;20,00;1026126300,00;816574850,00;53,00;52,00;640040000000,00;45,30;65,40;4,69;4,64;#N/D;#N/D;#N/D;2,39;#N/D
mar-77;0;0;5,85;1311073400,00;11689000000,00;118771208996,56;120963000000,00;52347000000,00;117322000000,00;#N/D;#N/D;40,02;69,65;20,00;1316116900,00;968891160,00;52,00;52,00;640960000000,00;45,50;65,70;4,70;4,70;#N/D;#N/D;#N/D;2,39;#N/D
abr-77;0;0;5,96;1789907300,00;11171000000,00;116357001233,01;123956000000,00;52504000000,00;119764000000,00;#N/D;#N/D;40,43;65,91;20,00;1033138700,00;823366070,00;53,00;53,00;641800000000,00;45,90;65,90;4,72;4,57;#N/D;#N/D;#N/D;2,36;#N/D
may-77;0;0;6,02;1922936500,00;11415000000,00;118793085312,86;123637000000,00;52894000000,00;121263000000,00;#N/D;#N/D;41,01;67,40;20,00;1062604100,00;761738260,00;53,00;54,00;642680000000,00;46,10;66,10;5,35;4,43;#N/D;#N/D;#N/D;2,36;#N/D
jun-77;0;0;6,03;2026873800,00;12129000000,00;122001090839,44;127652000000,00;55553000000,00;123293000000,00;#N/D;#N/D;41,22;69,65;20,00;1170571900,00;858154620,00;54,00;54,00;643560000000,00;46,50;66,40;5,40;4,24;#N/D;#N/D;#N/D;2,34;#N/D
jul-77;0;0;5,99;1819914000,00;12091000000,00;116961725119,41;126209000000,00;52184000000,00;121300000000,00;#N/D;#N/D;41,50;68,90;19,00;928395310,00;669585200,00;54,00;55,00;644400000000,00;46,70;66,30;5,41;4,20;#N/D;#N/D;#N/D;2,29;#N/D
ago-77;0;0;6,20;1771287700,00;11467000000,00;117274243923,75;126828000000,00;50524000000,00;120463000000,00;#N/D;#N/D;41,87;73,39;20,00;1107145800,00;801394310,00;54,00;54,00;645320000000,00;46,80;66,30;5,90;4,04;#N/D;#N/D;#N/D;2,32;#N/D
sept-77;0;0;6,16;1956572900,00;12130000000,00;119868149999,80;129934000000,00;51603000000,00;122582000000,00;#N/D;#N/D;42,32;71,90;20,00;1144226300,00;863188230,00;55,00;55,00;646200000000,00;47,00;66,40;6,15;4,07;#N/D;#N/D;#N/D;2,31;#N/D
oct-77;0;0;6,08;2157598700,00;13180000000,00;121547938573,14;130953000000,00;53503000000,00;125005000000,00;#N/D;#N/D;43,76;69,65;20,00;1101986100,00;880967180,00;55,00;55,00;647040000000,00;47,10;66,50;6,47;4,09;#N/D;#N/D;#N/D;2,25;#N/D
nov-77;0;0;6,15;2125984500,00;10681000000,00;122388614156,83;129376000000,00;55107000000,00;126709000000,00;#N/D;#N/D;44,17;68,90;19,00;1163531800,00;921347210,00;55,00;55,00;647920000000,00;47,40;66,60;6,49;4,09;#N/D;#N/D;#N/D;2,23;#N/D
dic-77;0;0;5,78;1588794200,00;11216000000,00;128188963165,43;133624000000,00;56076000000,00;128188000000,00;#N/D;#N/D;44,21;71,15;19,00;1145346300,00;941504930,00;55,00;55,00;648800000000,00;47,60;66,80;6,57;3,94;8719,00;#N/D;3107,00;2,11;#N/D
ene-78;0;0;5,72;2263078800,00;10859000000,00;119991594927,52;127197000000,00;52476000000,00;123969000000,00;#N/D;#N/D;44,38;73,39;19,00;1139358900,00;821225080,00;56,00;54,00;649612307692,31;47,80;67,20;6,74;3,52;8995,00;#N/D;3169,33;2,11;#N/D
feb-78;0;0;5,58;2145644600,00;10813000000,00;117017978504,19;126341000000,00;52002000000,00;122048000000,00;#N/D;#N/D;44,59;68,90;19,00;1116280700,00;938986990,00;56,00;54,00;650350769230,77;48,10;67,50;6,80;3,44;9279,74;#N/D;3232,92;2,04;#N/D
mar-78;0;0;5,56;2157337100,00;10834000000,00;118318056730,26;128708000000,00;54155000000,00;124758000000,00;#N/D;#N/D;44,90;63,66;20,00;1240955500,00;937058940,00;56,00;54,00;651200000000,00;48,50;67,70;6,80;3,49;9547,00;#N/D;3294,00;2,02;#N/D
abr-78;0;0;5,65;2152029600,00;11098000000,00;120944777280,76;130913000000,00;56464000000,00;127288000000,00;#N/D;#N/D;45,07;76,39;18,00;1149923300,00;960022820,00;55,00;54,00;651938461538,46;48,90;67,90;6,86;3,54;9660,33;#N/D;3333,67;2,07;#N/D
may-78;0;0;5,66;2335964600,00;10882000000,00;122457368293,78;129642000000,00;56419000000,00;127975000000,00;#N/D;#N/D;45,45;72,65;19,00;1179824600,00;960350880,00;55,00;54,00;652787692307,69;49,40;68,00;7,37;3,60;9775,01;#N/D;3373,81;2,10;#N/D
jun-78;0;0;5,64;2665181700,00;11850000000,00;128401475952,39;135717000000,00;61141000000,00;132268000000,00;#N/D;#N/D;45,55;71,90;19,00;1211772200,00;1075339300,00;55,00;54,00;653600000000,00;49,90;68,20;7,62;3,61;9887,00;#N/D;3413,00;2,08;#N/D
jul-78;0;0;5,54;2885166700,00;11262000000,00;123932457050,28;131568000000,00;57017000000,00;128978000000,00;#N/D;#N/D;45,65;71,15;19,00;977033030,00;732551710,00;56,00;54,00;654375384615,38;50,30;68,10;7,80;3,72;10274,00;#N/D;3627,33;2,04;#N/D
ago-78;0;0;5,51;2906802600,00;10989000000,00;121779202488,36;129954000000,00;56890000000,00;128209000000,00;#N/D;#N/D;45,86;72,65;19,00;1262139500,00;968792060,00;56,00;54,00;655224615384,62;50,50;68,00;8,06;3,64;10676,15;#N/D;3855,13;1,99;#N/D
sept-78;0;0;5,36;2907973100,00;11194000000,00;124449675671,47;133725000000,00;57812000000,00;130296000000,00;#N/D;#N/D;46,17;72,65;19,00;1275213500,00;1089701100,00;57,00;55,00;656000000000,00;50,90;67,90;8,46;3,67;11048,00;#N/D;4056,00;1,94;#N/D
oct-78;0;0;4,80;2900984600,00;11980000000,00;125251286404,61;135713000000,00;59748000000,00;131403000000,00;#N/D;#N/D;47,03;72,65;17,00;1438746400,00;1171408500,00;56,00;54,00;656812307692,31;51,30;68,00;8,99;3,90;11344,67;#N/D;4190,33;1,74;#N/D
nov-78;0;0;5,33;2903413800,00;11728000000,00;125210658960,05;133693000000,00;60485000000,00;132648000000,00;#N/D;#N/D;47,33;72,65;18,00;1443655300,00;1108853400,00;56,00;54,00;657624615384,62;51,60;68,20;9,75;3,80;11649,30;#N/D;4329,12;1,92;#N/D
dic-78;0;0;5,09;3128992700,00;12077000000,00;134289330226,21;139233000000,00;65058000000,00;136441000000,00;#N/D;#N/D;47,37;74,14;18,00;1373538500,00;1119130100,00;57,00;55,00;658400000000,00;51,80;68,40;10,00;4,04;11938,00;#N/D;4459,00;1,83;#N/D
ene-79;0;0;5,15;3505445500,00;11715000000,00;125440360281,24;134097000000,00;60154000000,00;132138000000,00;#N/D;#N/D;47,37;68,90;18,00;1359931400,00;1045201000,00;57,00;55,00;660453256704,98;52,30;69,10;10,06;3,85;12203,33;#N/D;4617,67;1,86;#N/D
feb-79;0;0;5,18;3803854500,00;11635000000,00;124970019480,70;132996000000,00;60101000000,00;132344000000,00;#N/D;#N/D;47,64;70,40;18,00;1298080700,00;1035045500,00;57,00;57,00;662238697318,01;52,90;69,40;10,08;4,13;12474,56;#N/D;4781,98;1,85;#N/D
mar-79;0;0;5,19;4203380300,00;12014000000,00;130820371498,00;135904000000,00;60786000000,00;137603000000,00;#N/D;#N/D;48,06;72,65;18,00;1600439200,00;1366989600,00;57,00;57,00;664202681992,34;53,40;69,70;10,08;4,42;12734,00;#N/D;4935,00;1,87;#N/D
abr-79;0;0;5,31;4649245200,00;11812000000,00;133283019676,23;135345000000,00;62834000000,00;138958000000,00;#N/D;#N/D;48,23;72,65;18,00;1406626300,00;1208822500,00;57,00;58,00;666077394636,02;54,00;70,10;10,00;5,50;12750,00;#N/D;4902,67;1,90;#N/D
may-79;0;0;5,49;4615632500,00;12100000000,00;134737794710,44;135333000000,00;63861000000,00;141814000000,00;#N/D;#N/D;49,02;74,89;19,00;1552549500,00;1154902400,00;58,00;60,00;668130651341,00;54,70;70,30;10,26;5,89;12766,02;#N/D;4870,55;1,91;#N/D
jun-79;0;0;5,31;3951863800,00;12590000000,00;140949105946,76;142824000000,00;68673000000,00;144169000000,00;#N/D;#N/D;49,46;74,14;18,00;1406676000,00;1193353500,00;61,00;62,00;670005363984,67;55,30;70,70;10,29;6,40;12782,00;#N/D;4838,00;1,85;#N/D
jul-79;0;0;5,29;3921407300,00;12697000000,00;135775357140,86;139902000000,00;65112000000,00;141329000000,00;#N/D;#N/D;50,60;77,14;18,00;1461921400,00;1011424500,00;61,00;63,00;671969348659,00;55,90;71,10;10,49;6,77;13003,33;#N/D;4828,33;1,84;#N/D
ago-79;0;0;5,28;3520696200,00;12107000000,00;132904871922,97;140907000000,00;63599000000,00;139614000000,00;#N/D;#N/D;51,49;74,89;18,00;1593732800,00;1219674100,00;61,00;64,00;674022605363,98;56,50;71,20;10,94;7,03;13228,50;#N/D;4818,69;1,83;#N/D
sept-79;0;0;5,09;3373264700,00;12161000000,00;136116002637,60;148776000000,00;65695000000,00;142828000000,00;#N/D;#N/D;52,07;74,89;18,00;1522048900,00;1333911000,00;62,00;65,00;675808045977,01;57,10;71,40;11,38;7,82;13446,00;#N/D;4809,00;1,74;#N/D
oct-79;0;0;5,32;3261856000,00;12762000000,00;139122433535,38;150536000000,00;67974000000,00;145819000000,00;#N/D;#N/D;52,35;78,64;17,00;1831632100,00;1498069400,00;62,00;65,00;677861302681,99;57,60;71,60;13,81;8,67;13864,00;#N/D;4921,33;1,81;#N/D
nov-79;1;0;5,35;3123987300,00;12727000000,00;138648967546,80;149074000000,00;68308000000,00;146896000000,00;#N/D;#N/D;52,86;78,64;17,00;1751738800,00;1436471400,00;63,00;66,00;679825287356,32;58,10;71,90;13,12;9,57;14294,99;#N/D;5036,29;1,73;#N/D
dic-79;0;0;5,37;3235596000,00;13709000000,00;146576007018,96;156395000000,00;71880000000,00;150378000000,00;#N/D;#N/D;52,97;77,89;16,00;1616001800,00;1192129400,00;65,00;68,00;681700000000,00;58,70;72,20;13,77;9,54;14700,00;#N/D;5146,00;1,73;#N/D
ene-80;0;0;5,44;2766706100,00;12642000000,00;137934862078,87;152372000000,00;66038000000,00;145128000000,00;#N/D;#N/D;53,41;77,14;15,00;1844207500,00;1429553400,00;65,00;70,00;681436641221,37;59,60;72,50;13,72;8,79;14354,67;#N/D;4832,00;1,74;#N/D
feb-80;0;0;5,51;2096930300,00;12480000000,00;134976871595,77;152717000000,00;63916000000,00;142970000000,00;#N/D;#N/D;53,96;76,39;14,00;1821932900,00;1467082300,00;66,00;73,00;681196183206,11;60,40;73,40;14,16;8,94;14017,45;#N/D;4537,16;1,77;#N/D
mar-80;0;0;6,03;1839250500,00;13041000000,00;141272562909,26;158919000000,00;66691000000,00;148489000000,00;#N/D;#N/D;54,72;77,14;14,00;1783190100,00;1440375600,00;67,00;74,00;680955725190,84;61,30;73,80;17,10;9,50;13664,00;#N/D;4204,00;1,94;#N/D
abr-80;0;0;5,64;2039814600,00;13768000000,00;140808472484,81;159897000000,00;67371000000,00;149613000000,00;15,00;19,30;55,13;76,39;15,00;1648957200,00;1293966200,00;68,00;76,00;680703816793,89;62,00;74,10;17,43;10,12;14222,33;#N/D;4342,67;1,80;#N/D
may-80;0;0;5,56;2244335200,00;13230000000,00;140836599177,20;157426000000,00;66739000000,00;150291000000,00;15,00;19,20;55,89;74,89;15,00;1234541500,00;1351963900,00;68,00;74,00;680451908396,95;62,60;74,50;10,96;10,18;14803,48;#N/D;4485,91;1,79;#N/D
jun-80;0;0;5,46;2493261200,00;13127000000,00;150651252227,59;164557000000,00;70260000000,00;153428000000,00;15,00;19,20;56,03;74,89;15,00;1901353300,00;1498278800,00;68,00;75,00;680211450381,68;63,30;74,80;9,42;10,00;15339,00;#N/D;4620,00;1,76;#N/D
jul-80;0;0;5,52;3001013100,00;13344000000,00;141867911231,53;158140000000,00;65881000000,00;149708000000,00;15,00;19,20;57,06;77,14;16,00;1489401000,00;1189266100,00;69,00;76,00;679948091603,05;63,30;74,80;8,99;9,58;15343,00;#N/D;4729,33;1,79;#N/D
ago-80;0;0;5,55;2959435700,00;12736000000,00;141491326072,30;158591000000,00;64668000000,00;149529000000,00;15,00;19,20;57,26;72,65;16,00;1346074000,00;1304167200,00;69,00;75,00;679707633587,79;63,70;74,90;9,48;8,93;15347,00;#N/D;4841,25;1,79;#N/D
sept-80;0;0;5,59;3166323100,00;12632000000,00;148001092766,76;164967000000,00;68243000000,00;153957000000,00;14,10;18,40;57,57;73,39;18,00;1642850700,00;1532291600,00;69,00;75,00;679455725190,84;64,30;74,90;10,85;8,90;15351,00;#N/D;4948,00;1,81;#N/D
oct-80;0;0;5,87;3211222900,00;13619000000,00;151693502440,08;166814000000,00;69449000000,00;157844000000,00;13,20;17,30;57,95;73,39;20,00;1608387900,00;1557375600,00;69,00;77,00;679192366412,21;64,90;75,10;12,78;8,99;15184,00;#N/D;5126,33;1,91;#N/D
nov-80;0;0;5,91;3274077700,00;13381000000,00;154407728255,80;166717000000,00;71735000000,00;161448000000,00;13,00;17,20;58,50;72,65;20,00;1445338300,00;1336777000,00;71,00;79,00;678963358778,63;65,50;75,60;15,79;9,37;15018,82;#N/D;5311,09;1,93;#N/D
dic-80;0;0;6,02;3386752100,00;14314000000,00;166227189436,05;177163000000,00;77507000000,00;167990000000,00;13,10;17,20;58,74;73,39;20,00;1573980700,00;1347898700,00;73,00;80,00;678700000000,00;66,00;76,10;18,96;10,11;14850,00;#N/D;5483,00;1,96;#N/D
ene-81;0;0;6,50;3288332100,00;13438000000,00;154534298371,55;170651000000,00;69659000000,00;160175000000,00;13,10;17,20;59,12;74,14;22,00;1540941600,00;1402255300,00;73,00;81,00;678194252873,56;66,60;76,90;18,86;9,40;14787,00;#N/D;5385,67;2,12;#N/D
feb-81;0;0;6,66;3126847100,00;13319000000,00;153898322604,72;172290000000,00;69983000000,00;160352000000,00;13,10;17,20;59,74;75,64;22,00;1366157400,00;1304196700,00;75,00;86,00;677734482758,62;67,30;77,40;15,88;10,74;14724,27;#N/D;5290,06;2,13;#N/D
mar-81;0;0;6,62;3051185100,00;13689000000,00;161072191758,41;178727000000,00;73293000000,00;166299000000,00;13,00;17,20;60,92;74,14;23,00;1716597000,00;1524774000,00;76,00;88,00;677228735632,18;67,70;78,00;14,70;13,44;14661,00;#N/D;5191,00;2,10;#N/D
abr-81;0;0;6,98;2775742100,00;13786000000,00;162944179396,43;180071000000,00;75032000000,00;168892000000,00;13,00;17,20;61,60;73,39;25,00;1559244200,00;1383100800,00;77,00;87,00;676722988505,75;68,20;78,50;15,82;13,12;14400,67;#N/D;5079,33;2,21;#N/D
may-81;0;0;7,32;2600551400,00;13859000000,00;162051938210,03;180250000000,00;74688000000,00;169371000000,00;13,00;17,30;62,61;74,14;26,00;1430635800,00;1262922400,00;79,00;90,00;676240229885,06;68,70;78,80;18,41;13,06;14144,96;#N/D;4970,07;2,33;#N/D
jun-81;0;0;7,50;2738833800,00;14201000000,00;172115043709,87;189222000000,00;79870000000,00;173802000000,00;13,00;17,40;63,23;73,39;29,00;1335979700,00;1383722000,00;79,00;90,00;675734482758,62;69,30;79,10;19,02;13,05;13880,00;#N/D;4856,00;2,39;#N/D
jul-81;0;0;7,74;2850909400,00;14200000000,00;163319201961,64;182751000000,00;74140000000,00;169148000000,00;13,00;17,70;63,68;80,13;30,00;1331128100,00;1086371000,00;81,00;92,00;675205747126,44;70,10;79,60;19,10;12,92;14030,33;#N/D;4895,67;2,46;#N/D
ago-81;0;0;7,61;2555850100,00;13788000000,00;163230134102,40;188442000000,00;79440000000,00;174152000000,00;13,00;17,80;63,91;76,39;30,00;1137205000,00;1169136800,00;81,00;91,00;674722988505,75;70,60;79,80;18,00;12,87;14182,29;#N/D;4935,66;2,43;#N/D
sept-81;0;0;7,30;2453424700,00;13762000000,00;165863105028,99;190261000000,00;77819000000,00;172390000000,00;13,00;18,00;64,47;76,39;28,00;1430271100,00;1367133100,00;80,00;89,00;674217241379,31;71,40;80,30;15,93;12,48;14331,00;#N/D;4975,00;2,32;#N/D
oct-81;0;0;7,26;2393427500,00;14227000000,00;169177366949,05;191916000000,00;77893000000,00;175121000000,00;13,00;18,20;64,81;75,64;31,00;1492163300,00;1420303500,00;80,00;88,00;673711494252,87;71,50;80,60;15,03;11,72;14387,33;#N/D;5063,67;2,25;#N/D
nov-81;0;0;7,10;2678369600,00;14494000000,00;173277613662,03;190925000000,00;80669000000,00;178796000000,00;13,00;18,30;65,60;74,89;31,00;1698805600,00;1500390700,00;81,00;89,00;673228735632,18;71,70;81,00;13,45;11,05;14443,89;#N/D;5153,91;2,20;#N/D
dic-81;0;0;7,33;2547641200,00;15578000000,00;185047071833,59;202907000000,00;88031000000,00;186209000000,00;13,00;18,30;65,94;71,90;32,00;1540667900,00;1290309400,00;83,00;91,00;672700000000,00;71,90;81,20;12,45;10,74;14500,00;#N/D;5241,00;2,25;#N/D
ene-82;0;0;7,56;2306161800,00;14412000000,00;173640135475,07;196226000000,00;77693000000,00;177805000000,00;13,00;18,40;66,39;74,89;33,00;1398007400,00;1190870500,00;84,00;93,00;674333333333,33;72,20;81,80;13,26;10,43;14363,33;#N/D;4885,00;2,31;#N/D
feb-82;0;0;7,98;2288928700,00;14280000000,00;173512002765,29;198018000000,00;77282000000,00;177114000000,00;13,00;18,40;66,78;76,39;34,00;1484951500,00;1344157100,00;85,00;95,00;675888888888,89;72,40;82,10;14,78;10,22;14227,95;#N/D;4553,18;2,39;#N/D
mar-82;0;0;8,24;2102213700,00;14381000000,00;181654680212,44;205610000000,00;80561000000,00;184767000000,00;13,00;18,40;67,35;77,14;33,00;1623176100,00;1558687300,00;86,00;96,00;677677777777,78;72,30;82,10;14,71;9,84;14090,00;#N/D;4173,00;2,41;#N/D
abr-82;0;0;7,94;1931947600,00;14726000000,00;180290535631,49;205042000000,00;81289000000,00;184759000000,00;13,00;18,40;67,74;77,89;35,00;1448821800,00;1285591600,00;87,00;96,00;679388888888,89;72,60;82,30;14,90;9,30;14028,00;#N/D;4199,33;2,33;#N/D
may-82;0;0;7,99;2008823900,00;14750000000,00;179299851021,72;207065000000,00;80763000000,00;185469000000,00;13,00;18,60;68,53;77,14;34,00;1288432800,00;1274904000,00;86,00;95,00;681022222222,22;73,40;82,90;14,57;9,12;13966,27;#N/D;4225,83;2,35;#N/D
jun-82;0;0;8,50;2079335900,00;15263000000,00;189600470812,87;219085000000,00;85719000000,00;190987000000,00;13,00;18,60;69,04;78,64;33,00;1466845600,00;1439766100,00;85,00;97,00;682733333333,33;74,30;83,80;14,15;9,22;13904,00;#N/D;4252,00;2,46;#N/D
jul-82;0;0;8,51;1972471300,00;15086000000,00;183947005642,30;213534000000,00;82418000000,00;188012000000,00;13,00;19,00;69,60;76,39;34,00;1102386200,00;980263470,00;87,00;99,00;684444444444,44;74,70;83,90;12,49;9,41;14088,00;#N/D;4385,00;2,45;#N/D
ago-82;0;0;8,72;2027573300,00;14363000000,00;182240652970,59;210749000000,00;81162000000,00;186590000000,00;13,00;19,00;70,05;75,64;36,00;1273706800,00;1142327500,00;87,00;98,00;686155555555,56;74,80;83,90;10,12;8,94;14274,43;#N/D;4522,16;2,50;#N/D
sept-82;0;0;8,86;1829792100,00;14677000000,00;187644103097,68;217965000000,00;83800000000,00;190591000000,00;13,00;19,10;70,84;75,64;37,00;1388364300,00;1360151100,00;89,00;100,00;687866666666,67;74,90;84,20;10,35;8,13;14456,00;#N/D;4651,00;2,53;#N/D
oct-82;0;0;9,01;1603520400,00;15136000000,00;188425400108,54;217581000000,00;85507000000,00;192455000000,00;13,00;19,00;71,69;75,64;38,00;1305396900,00;1259160300,00;89,00;99,00;689500000000,00;75,10;84,50;9,69;7,55;14806,67;#N/D;4606,67;2,57;#N/D
nov-82;0;0;8,78;2101658200,00;15038000000,00;188747294477,01;215792000000,00;87169000000,00;193576000000,00;12,70;18,10;72,25;77,89;36,00;1390693000,00;1320723100,00;90,00;99,00;691211111111,11;75,00;84,80;9,25;7,24;15165,84;#N/D;4562,76;2,49;#N/D
dic-82;0;0;8,38;2265668700,00;15971000000,00;209734494782,67;229958000000,00;91665000000,00;206825000000,00;12,00;17,60;71,86;76,39;38,00;1520961200,00;1240070900,00;90,00;98,00;693000000000,00;74,70;85,00;9,00;6,54;15508,00;#N/D;4518,00;2,38;#N/D
ene-83;0;0;8,60;2924968800,00;15044000000,00;197365000506,77;216902000000,00;86465000000,00;198121000000,00;12,00;17,60;72,48;77,89;41,00;1160738700,00;1240293500,00;90,00;97,00;694405384615,38;74,90;85,30;8,57;5,78;15848,00;#N/D;4497,00;2,45;#N/D
feb-83;0;0;8,61;2923120700,00;14890000000,00;197365000506,77;218316000000,00;87645000000,00;199112000000,00;12,00;17,60;72,64;77,14;44,00;1348448300,00;1438368100,00;89,00;97,00;695743846153,85;74,90;85,30;8,56;5,79;16195,45;#N/D;4476,10;2,42;#N/D
mar-83;0;0;8,61;2499228200,00;15785000000,00;209546983500,06;228888000000,00;92977000000,00;211413000000,00;10,70;15,60;72,48;76,39;48,00;1607130400,00;1496065700,00;89,00;98,00;697283076923,08;75,00;85,30;8,83;5,40;16528,00;#N/D;4455,00;2,43;#N/D
abr-83;0;0;8,76;3364447600,00;15561000000,00;212375278679,37;229789000000,00;93838000000,00;214983000000,00;9,70;14,10;72,98;77,14;53,00;1297060000,00;1272569700,00;88,00;96,00;698688461538,46;75,50;85,50;8,80;5,16;16464,67;#N/D;4421,00;2,46;#N/D
may-83;0;0;9,02;3344647800,00;15342000000,00;217845920349,39;234985000000,00;98126000000,00;219047000000,00;9,60;13,90;73,77;81,63;57,00;1370583200,00;1305295700,00;88,00;98,00;700160769230,77;75,90;85,70;8,66;5,27;16401,58;#N/D;4387,26;2,52;#N/D
jun-83;0;0;9,14;3097758200,00;15666000000,00;234526611531,20;252124000000,00;108687000000,00;231605000000,00;9,60;13,80;73,94;78,64;60,00;1426707300,00;1439975400,00;90,00;99,00;701633076923,08;76,20;86,00;9,02;5,52;16338,00;#N/D;4353,00;2,54;#N/D
jul-83;0;0;9,51;3156735600,00;15989000000,00;222750902983,56;243603000000,00;104748000000,00;225134000000,00;9,60;13,80;74,00;78,64;62,00;1030153700,00;1055003900,00;92,00;100,00;703038461538,46;76,50;86,30;9,37;5,54;16469,00;#N/D;4465,33;2,64;#N/D
ago-83;0;0;9,74;3122483800,00;15549000000,00;223697834960,72;244568000000,00;103500000000,00;225483000000,00;9,60;13,80;74,33;79,39;74,00;1238891200,00;1211690200,00;93,00;102,00;704577692307,69;76,70;86,60;9,56;5,66;16601,05;#N/D;4580,57;2,71;#N/D
sept-83;0;0;9,52;3474168300,00;16026000000,00;238509663692,56;260136000000,00;106496000000,00;236818000000,00;9,60;13,80;75,07;80,88;75,00;1420663100,00;1408673900,00;94,00;101,00;706050000000,00;77,10;86,80;9,44;5,83;16731,00;#N/D;4690,00;2,64;#N/D
oct-83;0;0;9,48;3991366100,00;15981000000,00;239951937974,60;253329000000,00;106272000000,00;237005000000,00;9,30;13,50;75,52;79,39;75,00;1389824400,00;1400448300,00;94,00;102,00;707455384615,38;77,30;86,80;9,42;6,13;17381,33;#N/D;5262,33;2,63;#N/D
nov-83;0;0;9,76;4152862200,00;16205000000,00;242100504754,46;254151000000,00;107859000000,00;241793000000,00;9,10;13,20;76,19;81,63;74,00;1422117900,00;1518566000,00;94,00;104,00;708927692307,69;77,40;87,00;9,36;6,26;18056,95;#N/D;5904,51;2,70;#N/D
dic-83;0;0;9,88;3620687200,00;17114000000,00;276043172094,16;281110000000,00;113304000000,00;264306000000,00;9,00;13,20;76,19;83,13;76,00;1553706400,00;1266381300,00;97,00;106,00;710400000000,00;77,50;87,20;9,54;6,43;18682,00;#N/D;6407,00;2,72;#N/D
ene-84;0;0;10,21;3618524600,00;16106000000,00;258192097990,08;290424000000,00;107947000000,00;252914000000,00;9,00;13,20;76,42;85,38;80,00;1300787400,00;1238779500,00;97,00;107,00;713029885057,47;78,00;87,60;9,58;6,07;18695,67;#N/D;6292,33;2,81;#N/D
feb-84;0;0;9,56;3850086700,00;16102000000,00;256990463187,38;290871000000,00;107527000000,00;252796000000,00;9,00;13,20;77,27;83,88;72,00;1402207300,00;1328833600,00;97,00;106,00;715540229885,06;78,30;87,80;9,61;5,91;18709,34;#N/D;6179,72;2,61;#N/D
mar-84;0;0;9,54;3381370400,00;16676000000,00;267842678668,19;304918000000,00;114556000000,00;264809000000,00;9,00;13,20;77,55;85,38;67,00;1601043000,00;1551207500,00;97,00;105,00;718170114942,53;78,50;87,90;9,90;5,82;18723,00;#N/D;6063,00;2,59;#N/D
abr-84;0;0;9,97;3455301400,00;16503000000,00;266395716604,09;302897000000,00;113033000000,00;263098000000,00;9,00;13,20;77,77;83,88;74,00;1387248700,00;1273997600,00;97,00;107,00;720680459770,12;78,90;88,00;10,32;5,81;18533,00;#N/D;6275,67;2,72;#N/D
may-84;0;0;10,05;3544641600,00;16767000000,00;270624096026,85;307291000000,00;117443000000,00;269195000000,00;9,00;13,30;78,56;88,37;65,00;1523702600,00;1432787200,00;99,00;108,00;723429885057,47;79,10;88,10;10,48;6,08;18344,93;#N/D;6495,79;2,73;#N/D
jun-84;0;0;10,21;3125317500,00;17493000000,00;288254844373,86;328739000000,00;120266000000,00;280981000000,00;9,00;13,30;79,01;84,63;67,00;1359752000,00;1351007600,00;97,00;108,00;725940229885,06;79,40;88,40;11,08;6,11;18153,00;#N/D;6701,00;2,78;#N/D
jul-84;0;0;10,59;3254109300,00;16976000000,00;271291323674,12;313776000000,00;114174000000,00;268034000000,00;9,00;13,30;78,84;89,12;68,00;1162422100,00;1100938600,00;99,00;110,00;728570114942,53;79,60;88,30;11,31;6,09;18239,00;#N/D;7200,33;2,90;#N/D
ago-84;0;0;10,52;4177285200,00;16876000000,00;278419877601,18;307355000000,00;112128000000,00;273443000000,00;9,00;13,30;79,18;89,87;68,00;1329837800,00;1310840100,00;98,00;110,00;731319540229,89;80,00;88,10;11,65;6,00;18325,41;#N/D;7736,88;2,89;#N/D
sept-84;0;0;10,95;3726135700,00;16869000000,00;288515797575,49;322646000000,00;118359000000,00;281309000000,00;9,00;13,30;79,75;89,87;61,00;1285753400,00;1311946700,00;99,00;110,00;733710344827,59;80,40;88,20;11,27;5,81;18411,00;#N/D;8199,00;3,03;#N/D
oct-84;0;0;10,96;4231868900,00;17256000000,00;294425528165,61;322066000000,00;118596000000,00;288677000000,00;9,00;13,50;80,08;90,62;58,00;1507463000,00;1380286300,00;99,00;111,00;736459770114,94;80,60;88,70;10,00;6,06;18077,00;#N/D;8086,67;3,03;#N/D
nov-84;0;0;11,15;4451858700,00;17873000000,00;295166197731,91;316282000000,00;121026000000,00;292315000000,00;9,00;13,90;80,65;91,37;57,00;1415517100,00;1448384400,00;99,00;109,00;739089655172,41;80,60;88,90;9,38;5,92;17749,06;#N/D;7975,87;3,10;#N/D
dic-84;0;0;11,26;3008908600,00;18844000000,00;323528841820,06;350607000000,00;128078000000,00;309789000000,00;9,00;13,90;80,48;92,12;57,00;1336834900,00;1251124200,00;101,00;111,00;741600000000,00;80,60;88,90;8,37;5,81;17409,00;#N/D;7862,00;3,15;#N/D
ene-85;0;0;11,32;3197664300,00;17701000000,00;302107240376,37;330135000000,00;120909000000,00;293821000000,00;9,00;15,60;80,87;88,07;62,00;1342308000,00;1227033400,00;101,00;111,00;744402298850,57;80,80;89,40;8,38;5,84;17597,00;#N/D;7919,67;3,17;#N/D
feb-85;0;0;11,91;3547469900,00;17604000000,00;301183747309,53;327291000000,00;123753000000,00;294629000000,00;9,10;15,60;81,38;89,91;62,00;1345783300,00;1264886900,00;102,00;114,00;746839080459,77;81,10;89,80;8,47;6,13;17787,03;#N/D;7977,76;3,32;#N/D
mar-85;0;0;11,02;3954880200,00;17980000000,00;309302985846,37;332563000000,00;127888000000,00;304401000000,00;9,00;15,70;82,00;80,73;62,00;1441276200,00;1296125700,00;103,00;116,00;749397701149,43;81,50;90,10;8,55;6,36;17973,00;#N/D;8035,00;3,09;#N/D
abr-85;0;0;11,20;3434413000,00;17773000000,00;309545187919,73;340487000000,00;129296000000,00;305237000000,00;9,00;15,50;82,28;85,32;64,00;1309541000,00;1158812300,00;102,00;115,00;752078160919,54;81,80;90,30;8,33;5,99;18241,67;#N/D;8413,67;3,09;#N/D
may-85;0;0;11,11;3931031600,00;18149000000,00;315223654594,64;339499000000,00;133519000000,00;310061000000,00;9,00;15,50;82,84;89,91;65,00;1414035700,00;1286267400,00;102,00;114,00;754880459770,12;82,10;90,30;7,99;5,81;18514,35;#N/D;8810,18;3,09;#N/D
jun-85;0;0;10,95;4585613200,00;19814000000,00;331888719836,24;355742000000,00;140585000000,00;324703000000,00;8,90;15,40;82,84;93,58;66,00;1480865100,00;1600640300,00;101,00;112,00;757317241379,31;82,40;90,40;7,51;5,66;18779,00;#N/D;9171,00;3,06;#N/D
jul-85;0;0;10,05;5020324500,00;19006000000,00;319194206003,82;344579000000,00;140667000000,00;314243000000,00;8,10;14,70;82,51;96,33;71,00;1338370100,00;1214454000,00;102,00;112,00;760119540229,88;82,50;90,30;7,90;5,31;19944,67;#N/D;9614,67;2,79;#N/D
ago-85;0;0;10,11;4485942600,00;#N/D;328971356797,70;359660000000,00;144551000000,00;322005000000,00;7,80;14,40;82,39;92,66;71,00;1443608300,00;1383800400,00;101,00;109,00;762800000000,00;82,70;90,00;7,92;4,75;21182,69;#N/D;10079,80;2,78;#N/D
sept-85;0;0;9,72;4953978400,00;#N/D;336304610541,61;366679000000,00;149042000000,00;327285000000,00;7,20;13,60;82,84;95,41;74,00;1573966200,00;1634245800,00;102,00;110,00;765358620689,65;82,90;90,10;7,97;4,64;22276,00;#N/D;10502,00;2,67;#N/D
oct-85;0;0;9,49;5124266500,00;#N/D;337028091573,66;366994000000,00;146980000000,00;329135000000,00;7,20;13,50;83,07;95,41;77,00;1948056000,00;1741823100,00;101,00;109,00;768160919540,23;83,20;90,30;8,03;4,77;24292,00;#N/D;11364,67;2,62;#N/D
nov-85;0;0;9,12;5659867600,00;#N/D;339107904216,56;364089000000,00;147432000000,00;332489000000,00;7,20;13,30;83,41;99,08;72,00;1740172800,00;1740066300,00;102,00;109,00;770719540229,88;83,50;90,40;8,05;4,82;26490,45;#N/D;12298,20;2,51;#N/D
dic-85;0;0;8,97;5428565900,00;#N/D;384713773334,34;399150000000,00;156492000000,00;366668000000,00;7,00;13,00;83,35;94,50;78,00;1867296300,00;1542001300,00;103,00;108,00;773400000000,00;83,70;90,50;8,43;4,80;28324,00;#VALOR!;13090,00;2,46;#N/D
ene-86;0;0;8,82;4775692900,00;#N/D;363910959123,25;407105000000,00;149721000000,00;347043000000,00;6,98;13,00;83,13;97,25;72,00;1784174400,00;1618747600,00;101,00;106,00;775885057471,26;83,90;90,60;7,98;4,65;28944,00;#VALOR!;12936,67;2,39;#N/D
feb-86;0;0;8,20;5108890800,00;#N/D;362243671302,08;415452000000,00;151408000000,00;349242000000,00;6,74;13,00;83,07;97,25;77,00;1821234000,00;1645813700,00;99,00;106,00;778045977011,49;83,70;90,40;7,87;4,47;29577,57;#VALOR!;12785,13;2,22;#N/D
mar-86;0;0;8,67;4649129800,00;#N/D;378199318857,81;423515000000,00;163416000000,00;365303000000,00;6,90;13,40;83,41;97,25;80,00;1752188400,00;1683810900,00;99,00;104,00;780314942528,74;83,30;90,20;7,52;4,49;30184,00;#VALOR!;12630,00;2,32;#N/D
abr-86;0;0;8,10;4668762000,00;#N/D;376860175781,20;428548000000,00;161049000000,00;362685000000,00;6,10;13,40;85,55;98,17;79,00;2109920000,00;1786527700,00;98,00;102,00;782691954022,99;83,10;90,10;7,04;4,48;31005,33;#VALOR!;12881,67;2,19;#N/D
may-86;0;0;8,56;4258090700,00;#N/D;381387010662,11;433448000000,00;164340000000,00;368425000000,00;6,31;13,40;86,17;99,08;75,00;1944148000,00;1835136100,00;96,00;101,00;785068965517,24;83,40;90,10;6,87;4,58;31849,02;#VALOR!;13138,35;2,31;#N/D
jun-86;0;0;8,16;4311701500,00;#N/D;400850681796,60;451076000000,00;173573000000,00;376796000000,00;6,45;12,80;86,06;99,08;72,00;1837784300,00;1830178200,00;97,00;100,00;787337931034,48;83,80;90,30;6,95;4,59;32648,00;#VALOR!;13385,00;2,20;#N/D
jul-86;0;0;7,90;4717210900,00;#N/D;374141262183,42;437735000000,00;161322000000,00;361668000000,00;6,15;12,80;85,49;100,00;64,00;1654643200,00;1355650200,00;96,00;100,00;789822988505,75;83,80;89,80;6,56;4,61;33025,67;#VALOR!;13507,67;2,09;#N/D
ago-86;0;0;7,77;4571445700,00;#N/D;369326910002,51;434417000000,00;157903000000,00;360043000000,00;6,22;12,80;85,94;101,83;66,00;1780843100,00;1702407200,00;97,00;96,00;792091954022,99;84,00;89,60;6,17;4,55;33407,70;#VALOR!;13631,46;2,05;#N/D
sept-86;0;0;7,64;5171305300,00;#N/D;382654274413,72;445956000000,00;165269000000,00;368709000000,00;6,35;12,80;86,62;99,08;63,00;2048678100,00;2010984300,00;97,00;96,00;794468965517,24;84,40;89,70;5,92;4,48;33781,00;#VALOR!;13753,00;2,02;#N/D
oct-86;0;0;7,79;5065355200,00;#N/D;381210437537,66;445604000000,00;161484000000,00;369394000000,00;6,81;12,80;86,79;99,08;62,00;2281728200,00;2123021100,00;97,00;98,00;796954022988,51;84,40;89,40;5,86;4,56;33903,67;#VALOR!;13747,67;2,07;#N/D
nov-86;0;0;7,48;4923245500,00;#N/D;376630474460,01;427335000000,00;163088000000,00;369421000000,00;6,95;12,80;87,02;98,17;61,00;1874108700,00;1910481300,00;95,00;98,00;799114942528,74;84,50;89,40;6,09;4,67;34026,78;#VALOR!;13742,34;1,98;#N/D
dic-86;0;0;7,34;4964471400,00;#N/D;417842329188,73;463671000000,00;167967000000,00;401194000000,00;6,95;12,70;86,96;97,25;59,00;1988976000,00;1782839700,00;97,00;96,00;801600000000,00;84,60;89,50;7,22;4,80;34149,00;#VALOR!;13737,00;1,94;#N/D
ene-87;0;0;6,84;6439444100,00;#N/D;377214884624,13;424587000000,00;157311000000,00;367143000000,00;7,00;12,70;87,13;92,66;64,00;1760066900,00;1782761000,00;97,00;96,00;801793869731,80;85,10;89,90;6,19;4,45;34747,33;#VALOR!;14358,33;1,81;#N/D
feb-87;0;0;6,90;7080705200,00;#N/D;374239705606,79;411276000000,00;156843000000,00;364237000000,00;7,47;12,70;86,79;98,17;60,00;2052583500,00;2045187600,00;97,00;96,00;801970114942,53;85,40;90,00;6,12;3,94;35356,15;#VALOR!;15007,77;1,83;#N/D
mar-87;0;1;6,82;6520441900,00;#N/D;408715217507,89;418110000000,00;165181000000,00;388256000000,00;6,80;13,70;87,86;96,33;58,00;2207720700,00;2306945800,00;97,00;96,00;802163984674,33;85,80;90,00;6,15;3,97;35944,00;#VALOR!;15601,00;1,81;#N/D
abr-87;0;0;6,73;6441462100,00;#N/D;386456065668,56;412518000000,00;166486000000,00;375767000000,00;6,80;13,70;88,20;96,33;59,00;2070581300,00;2040708700,00;97,00;96,00;802357854406,13;86,30;90,20;6,44;3,85;36694,67;#VALOR!;16101,67;1,79;#N/D
may-87;0;0;6,85;8148771100,00;#N/D;392808010366,83;408120000000,00;168620000000,00;382037000000,00;6,80;13,70;89,04;96,33;59,00;2092936700,00;2164209100,00;97,00;96,00;802542911877,39;86,50;90,30;6,83;3,73;37461,01;#VALOR!;16618,40;1,82;#N/D
jun-87;0;0;6,95;8832597300,00;#N/D;424352095883,20;436034000000,00;175729000000,00;402655000000,00;7,10;14,30;88,99;93,58;60,00;2060660000,00;2131561300,00;95,00;95,00;802736781609,20;86,90;90,40;6,73;3,67;38196,00;#VALOR!;17103,00;1,83;#N/D
jul-87;0;0;7,04;8638133000,00;#N/D;396131647851,02;409410000000,00;168236000000,00;381484000000,00;7,10;14,30;88,99;98,17;59,00;1708176900,00;1725732600,00;97,00;96,00;802939463601,53;87,10;90,40;6,58;3,83;38597,67;#VALOR!;17464,00;1,86;#N/D
ago-87;0;0;6,98;8919952100,00;#N/D;395220655536,36;411758000000,00;169029000000,00;382218000000,00;7,10;14,30;89,27;97,25;62,00;1977454300,00;1896031300,00;96,00;96,00;803124521072,80;87,60;90,30;6,74;3,93;39003,56;#VALOR!;17832,62;1,82;#N/D
sept-87;0;0;7,06;8953895500,00;#N/D;396453542219,49;420268000000,00;177126000000,00;385739000000,00;6,90;13,90;89,78;95,41;58,00;2179472500,00;2384804800,00;97,00;96,00;803318390804,60;88,00;90,10;7,29;3,98;39401,00;#VALOR!;18186,00;1,84;#N/D
oct-87;0;0;6,72;9453193900,00;#N/D;394633120184,19;415353000000,00;174562000000,00;388982000000,00;6,90;13,90;90,17;93,58;52,00;2278488300,00;2305915600,00;97,00;97,00;803512260536,40;88,20;90,30;7,27;4,70;41521,33;#VALOR!;19289,00;1,74;#N/D
nov-87;0;0;6,33;9820307200,00;#N/D;391597000000,00;407732000000,00;174830000000,00;384711000000,00;6,90;13,90;90,45;94,50;52,00;2364179800,00;2401929100,00;97,00;96,00;803697318007,66;88,40;90,30;6,67;3,92;43755,77;#VALOR!;20458,90;1,64;#N/D
dic-87;0;0;6,10;10066367000,00;#N/D;394633000000,00;443495000000,00;188449000000,00;427306000000,00;8,00;12,30;90,51;96,33;51,00;2746308900,00;2489601500,00;97,00;96,00;803900000000,00;88,30;90,40;6,77;3,65;45762,00;#VALOR!;21495,00;1,58;#N/D
ene-88;0;0;6,41;10016817000,00;33594000000,00;362349000000,00;411170000000,00;181783000000,00;393509000000,00;8,00;12,40;90,90;99,08;52,00;1622533800,00;2148027800,00;#N/D;#N/D;804656321839,08;88,60;90,60;6,85;3,40;45699,00;#VALOR!;21574,00;1,68;#N/D
feb-88;0;0;6,45;10285289000,00;31293000000,00;361309000000,00;406695000000,00;182211000000,00;389862000000,00;8,00;12,40;91,64;96,33;54,00;2291310300,00;2396406400,00;#N/D;#N/D;805412643678,16;88,80;90,80;6,58;3,29;45636,09;#VALOR!;21653,29;1,69;#N/D
mar-88;0;0;6,41;10707894000,00;32955000000,00;366441000000,00;410778000000,00;190485000000,00;396895000000,00;8,00;12,40;91,97;95,41;56,00;2549437600,00;2695377500,00;#N/D;#N/D;806240996168,58;89,20;90,90;6,59;3,38;45573,00;#VALOR!;21732,00;1,66;#N/D
abr-88;0;0;6,45;10603725000,00;35451000000,00;364629000000,00;410995000000,00;191118000000,00;397657000000,00;8,00;12,80;92,31;98,17;57,00;2068761500,00;2214505900,00;#N/D;#N/D;806997318007,66;89,60;91,10;6,89;3,37;45165,00;#VALOR!;21902,33;1,67;#N/D
may-88;0;0;6,56;11039878000,00;34432000000,00;369077000000,00;411823000000,00;195634000000,00;400372000000,00;8,00;13,10;93,10;98,17;63,00;2387604100,00;2346130100,00;#N/D;#N/D;807789655172,41;89,90;91,20;7,05;3,51;44760,65;#VALOR!;22074,00;1,73;#N/D
jun-88;0;0;6,91;11484250000,00;47446000000,00;387298000000,00;438773000000,00;216495000000,00;425148000000,00;7,70;12,70;93,05;98,17;66,00;2292210300,00;2407840700,00;#N/D;#N/D;808581992337,16;90,30;91,40;7,53;3,88;44349,00;#VALOR!;22243,00;1,82;#N/D
jul-88;0;0;7,13;12191373000,00;40033000000,00;376206000000,00;411125000000,00;201265000000,00;410476000000,00;7,60;12,60;92,65;93,58;67,00;1701192700,00;1786509200,00;#N/D;#N/D;809338314176,25;90,70;91,30;7,75;4,88;44544,33;#VALOR!;22569,67;1,88;#N/D
ago-88;0;0;7,21;11343990000,00;39072000000,00;375347000000,00;415333000000,00;205220000000,00;406346000000,00;7,60;12,50;93,27;94,50;65,00;1933370300,00;2070092800,00;#N/D;#N/D;810166666666,67;91,10;91,40;8,00;5,28;44740,53;#VALOR!;22901,13;1,87;#N/D
sept-88;0;0;7,21;11112692000,00;46851000000,00;386879000000,00;434495000000,00;216382000000,00;417099000000,00;7,50;12,50;93,78;96,33;70,00;2130431800,00;2265327500,00;#N/D;#N/D;810959003831,42;91,70;91,40;8,20;4,93;44935,00;#VALOR!;23223,00;1,88;#N/D
oct-88;0;0;6,82;11382112000,00;47090000000,00;385740000000,00;428077000000,00;216066000000,00;414943000000,00;7,50;12,50;93,95;100,00;75,00;2234109200,00;2331405500,00;96,00;97,00;811715325670,50;92,00;91,50;8,29;5,03;45732,00;#VALOR!;24131,00;1,77;#N/D
nov-88;0;0;6,69;10644933000,00;38117000000,00;380052000000,00;429368000000,00;212959000000,00;409211000000,00;7,50;12,50;94,62;100,00;76,00;2356095400,00;2576359100,00;98,00;97,00;812507662835,25;92,10;91,70;8,36;4,91;46543,14;#VALOR!;25074,50;1,74;#N/D
dic-88;0;0;6,87;10764954000,00;38174000000,00;421131000000,00;469187000000,00;225112000000,00;450945000000,00;7,60;12,70;94,62;100,92;77,00;2373736600,00;2414754700,00;98,00;98,00;813300000000,00;92,20;91,90;8,77;5,32;47326,00;#VALOR!;25947,00;1,78;#N/D
ene-89;0;0;7,24;10301487000,00;38099000000,00;390379000000,00;448095000000,00;207710000000,00;418162000000,00;7,60;12,70;95,07;102,75;82,00;2014198600,00;2152091700,00;98,00;102,00;813477692307,69;92,70;92,90;9,15;5,63;47402,33;#VALOR!;25949,67;1,86;#N/D
feb-89;0;0;7,13;9898135300,00;35126000000,00;385065000000,00;449852000000,00;203330000000,00;412296000000,00;7,60;12,70;95,69;98,17;79,00;1992614800,00;2150591400,00;101,00;103,00;813639230769,23;93,10;93,20;9,37;6,36;47478,79;#VALOR!;25952,33;1,83;#N/D
mar-89;0;0;7,36;8304017200,00;32227000000,00;401388000000,00;470097000000,00;217786000000,00;430952000000,00;7,60;12,70;96,26;99,08;83,00;2285576700,00;2273884000,00;100,00;103,00;813825000000,00;93,60;93,30;9,86;6,57;47555,00;#VALOR!;25955,00;1,89;#N/D
abr-89;0;0;7,31;8297844300,00;35130000000,00;393794000000,00;468826000000,00;213070000000,00;423891000000,00;8,10;13,30;96,88;99,08;87,00;2207856400,00;2433327400,00;102,00;104,00;813986538461,54;94,20;93,90;9,84;6,42;47694,67;#VALOR!;25800,67;1,88;#N/D
may-89;0;0;7,75;7573404900,00;39466000000,00;391806000000,00;472156000000,00;214215000000,00;419795000000,00;8,10;13,30;97,55;100,00;87,00;2324511700,00;2290639700,00;101,00;104,00;814172307692,31;94,80;94,00;9,83;6,96;47834,74;#VALOR!;25647,25;1,99;#N/D
jun-89;0;0;7,59;7648727600,00;34178000000,00;407171000000,00;494224000000,00;223180000000,00;437944000000,00;8,60;13,80;97,27;100,00;96,00;2315478400,00;2327661100,00;102,00;105,00;814350000000,00;95,00;94,10;9,53;6,93;47974,00;#VALOR!;25492,00;1,95;#N/D
jul-89;0;0;7,27;7849520100,00;33533000000,00;387232000000,00;476162000000,00;210300000000,00;417223000000,00;8,60;13,80;97,27;100,00;102,00;1925867600,00;1885105600,00;103,00;104,00;814519615384,62;95,20;94,00;9,22;7,00;48192,00;#VALOR!;26157,67;1,87;#N/D
ago-89;0;0;7,61;7176960500,00;35273000000,00;387889000000,00;477187000000,00;207700000000,00;415340000000,00;8,60;13,80;97,84;96,33;94,00;2197347200,00;2214445100,00;103,00;103,00;814705384615,38;95,40;94,00;9,00;6,99;48410,99;#VALOR!;26840,72;1,96;#N/D
sept-89;0;0;7,29;6978927900,00;32372000000,00;398653000000,00;491978000000,00;216836000000,00;428327000000,00;8,60;13,80;98,17;100,92;93,00;2189225200,00;2505039600,00;103,00;103,00;814875000000,00;95,70;94,10;9,03;7,37;48628,00;#VALOR!;27489,00;1,87;#N/D
oct-89;0;0;7,16;6103103800,00;31509000000,00;395710000000,00;491776000000,00;211057000000,00;424332000000,00;8,60;13,80;98,74;100,00;93,00;2481407700,00;2639219200,00;103,00;103,00;815052692307,69;96,10;94,40;8,84;8,08;50724,67;#VALOR!;27506,67;1,84;#N/D
nov-89;0;0;6,95;6146509600,00;31517000000,00;396950000000,00;482135000000,00;212872000000,00;425854000000,00;8,60;13,80;99,19;100,92;95,00;2458268800,00;2645883200,00;103,00;102,00;815230384615,38;96,40;94,60;8,58;8,22;52911,73;#VALOR!;27524,34;1,79;#N/D
dic-89;0;0;6,61;6396787500,00;36623000000,00;423316000000,00;519004000000,00;226112000000,00;456900000000,00;8,60;13,80;99,19;101,83;99,00;2297654800,00;2588629900,00;103,00;102,00;815400000000,00;96,50;94,90;8,52;8,06;54918,00;#VALOR!;27542,00;1,70;#N/D
ene-90;0;0;6,50;6404889900,00;34245000000,00;397403000000,00;484213000000,00;211601000000,00;428751000000,00;8,50;14,90;98,57;100,92;103,00;2914481700,00;2514024400,00;101,00;101,00;816272413793,10;97,50;95,40;8,26;8,22;55846,67;#VALOR!;27894,00;1,68;#N/D
feb-90;0;0;6,50;6464413500,00;33641000000,00;397679000000,00;484312000000,00;210378000000,00;428441000000,00;8,50;14,90;98,79;102,75;101,00;2292623300,00;2659214200,00;101,00;101,00;817031034482,76;98,00;95,80;8,25;8,27;56791,04;#VALOR!;28250,50;1,69;#N/D
mar-90;0;0;6,47;8478436600,00;35145000000,00;411617000000,00;487542000000,00;223277000000,00;444196000000,00;8,50;14,90;99,13;103,67;102,00;2591520400,00;2966485900,00;101,00;101,00;817865517241,38;98,50;95,80;8,28;8,42;57704,00;#VALOR!;28598,00;1,69;#N/D
abr-90;0;0;6,39;8332561400,00;38049000000,00;411765000000,00;493468000000,00;227371000000,00;445659000000,00;8,00;14,20;99,19;100,92;98,00;2358338200,00;2648026800,00;100,00;100,00;818662068965,52;98,70;96,00;8,27;8,20;57970,67;#VALOR!;28936,33;1,68;#N/D
may-90;0;0;6,46;8274213600,00;35554000000,00;413706000000,00;491570000000,00;226417000000,00;446023000000,00;8,00;14,20;99,92;98,17;103,00;2786639500,00;2824821300,00;100,00;99,00;819534482758,62;98,90;96,20;8,15;8,27;58238,57;#VALOR!;29278,67;1,69;#N/D
jun-90;0;0;6,36;9072936100,00;37382000000,00;428147000000,00;504382000000,00;233698000000,00;461628000000,00;8,00;14,20;99,70;95,41;103,00;2567346200,00;2962922500,00;100,00;99,00;820331034482,76;99,40;96,30;8,30;8,24;58504,00;#VALOR!;29613,00;1,67;#N/D
jul-90;0;0;6,12;9797974000,00;35401000000,00;416753000000,00;483181000000,00;221930000000,00;448237000000,00;7,70;13,90;99,36;101,83;108,00;2191758900,00;2317633700,00;100,00;100,00;821165517241,38;99,80;96,30;8,15;8,17;60922,00;#VALOR!;30507,67;1,60;#N/D
ago-90;0;0;5,99;9926681200,00;33382000000,00;417601000000,00;485915000000,00;220348000000,00;447929000000,00;7,70;13,90;100,37;100,00;103,00;2792947300,00;2977090300,00;100,00;98,00;822037931034,48;100,70;96,60;8,15;8,36;63439,94;#VALOR!;31429,36;1,56;#N/D
sept-90;0;0;5,98;10001047000,00;38224000000,00;428265000000,00;494729000000,00;232855000000,00;460448000000,00;7,70;13,90;101,22;99,08;93,00;2534353900,00;3085851500,00;100,00;100,00;822796551724,14;101,60;96,90;8,27;8,39;65758,00;#VALOR!;32297,00;1,56;#N/D
oct-90;0;0;5,81;10341419000,00;38599000000,00;428084000000,00;490529000000,00;229691000000,00;460214000000,00;7,50;13,40;101,39;99,08;97,00;3226682200,00;3426008700,00;100,00;101,00;823668965517,24;102,20;97,60;8,14;8,51;66387,67;#VALOR!;33253,00;1,52;#N/D
nov-90;0;0;5,77;10531888000,00;46259000000,00;428528000000,00;499851000000,00;227289000000,00;460888000000,00;7,50;13,40;101,33;100,92;95,00;3304492800,00;3573359100,00;100,00;100,00;824503448275,86;102,40;97,40;7,83;8,79;67023,36;#VALOR!;34237,30;1,51;#N/D
dic-90;0;0;5,78;10591362000,00;44790000000,00;448107000000,00;520072000000,00;244477000000,00;486720000000,00;7,50;13,40;101,05;98,17;94,00;2666956400,00;3177258100,00;100,00;100,00;825300000000,00;102,40;97,50;7,34;9,17;67647,00;#VALOR!;35165,00;1,49;#N/D
ene-91;0;0;5,74;9967784300,00;38039000000,00;422285000000,00;491289000000,00;222295000000,00;456914000000,00;7,70;11,70;101,05;100,92;96,00;2910119300,00;3078774500,00;100,00;101,00;826313409961,69;103,00;97,70;7,11;9,25;65930,00;#VALOR!;34239,67;1,49;#N/D
feb-91;0;0;5,83;9461689800,00;39176000000,00;421039000000,00;498620000000,00;233262000000,00;456528000000,00;7,70;11,70;101,33;101,83;103,00;2776362700,00;3056194800,00;99,00;100,00;827194636015,33;103,20;98,20;6,28;8,96;64256,58;#VALOR!;33338,68;1,52;#N/D
mar-91;0;0;6,46;8823468400,00;43464000000,00;432155000000,00;511808000000,00;234335000000,00;471159000000,00;7,70;11,70;101,50;104,59;104,00;2564647100,00;3003087400,00;100,00;99,00;828119923371,65;103,30;98,20;6,16;8,99;62496,00;#VALOR!;32389,00;1,72;#N/D
abr-91;0;0;6,63;8876764100,00;45296000000,00;432270000000,00;512247000000,00;242467000000,00;471995000000,00;7,20;11,50;101,72;100,92;103,00;2780848800,00;3005957900,00;100,00;101,00;829089272030,65;103,50;98,50;5,97;9,08;60968,33;#VALOR!;31979,33;1,73;#N/D
may-91;0;0;6,63;8712239200,00;48317000000,00;448184000000,00;516618000000,00;248752000000,00;488092000000,00;7,20;11,50;102,40;101,83;105,00;2736567800,00;2946088400,00;101,00;100,00;830102681992,34;103,80;98,90;5,81;8,98;59478,01;#VALOR!;31574,85;1,72;#N/D
jun-91;0;0;7,02;8116693200,00;43955000000,00;457321000000,00;533431000000,00;243395000000,00;483265000000,00;7,20;11,50;102,63;100,92;108,00;2468796800,00;2901936900,00;101,00;100,00;830983908045,98;104,10;99,40;5,87;8,95;57913,00;#VALOR!;31160,00;1,81;#N/D
jul-91;0;0;6,76;7813008500,00;39289000000,00;462783000000,00;523641000000,00;252736000000,00;487400000000,00;6,80;11,20;102,29;110,09;112,00;2418389500,00;2423304900,00;102,00;102,00;831997318007,66;104,20;100,60;5,84;9,06;58549,67;#VALOR!;31838,67;1,75;#N/D
ago-91;0;0;6,72;7637547300,00;35555000000,00;453820000000,00;517972000000,00;247638000000,00;479006000000,00;6,80;11,20;102,46;102,75;113,00;2448163500,00;2807464500,00;100,00;101,00;832966666666,67;104,50;100,60;5,69;9,23;59193,33;#VALOR!;32532,11;1,74;#N/D
sept-91;0;0;6,41;7917876800,00;39484000000,00;472337000000,00;532138000000,00;251474000000,00;496928000000,00;6,80;11,20;103,02;102,75;113,00;2678070500,00;3170966000,00;101,00;100,00;833891954022,99;105,00;100,60;5,49;9,16;59823,00;#VALOR!;33196,00;1,66;#N/D
oct-91;0;0;6,50;7486546600,00;40048000000,00;467328000000,00;530589000000,00;259663000000,00;492180000000,00;6,90;11,10;103,25;100,92;115,00;3024854900,00;3210003200,00;100,00;101,00;834905363984,67;105,20;102,10;5,24;9,28;60812,00;#VALOR!;32797,67;1,67;#N/D
nov-91;0;0;6,34;7336767900,00;37782000000,00;462054000000,00;533828000000,00;256359000000,00;487018000000,00;6,90;11,10;103,70;100,92;114,00;2852249500,00;3287873300,00;101,00;101,00;835830651341,00;105,50;102,60;4,81;9,33;61817,35;#VALOR!;32404,11;1,63;#N/D
dic-91;0;0;5,91;7404276200,00;43547000000,00;480663000000,00;565732000000,00;258274000000,00;505852000000,00;6,90;11,10;103,41;101,83;111,00;2742743900,00;3108989100,00;100,00;100,00;836800000000,00;105,50;102,70;4,48;9,48;62790,00;#VALOR!;32001,00;1,52;#N/D
ene-92;0;0;6,26;6765766300,00;39993000000,00;457136000000,00;538382000000,00;248313000000,00;481830000000,00;7,20;11,20;103,19;101,83;113,00;2766858500,00;3231408200,00;99,00;99,00;837739312977,10;105,70;103,20;4,11;9,45;61131,33;#VALOR!;31832,33;1,61;#N/D
feb-92;0;0;6,36;6564875600,00;27451000000,00;457158000000,00;537491000000,00;241373000000,00;481388000000,00;7,20;11,20;103,70;103,67;110,00;2700253300,00;3186690700,00;100,00;99,00;838556106870,23;106,10;103,90;4,06;9,51;59516,48;#VALOR!;31664,56;1,64;#N/D
mar-92;0;0;6,37;6287855900,00;36501000000,00;475588000000,00;551457000000,00;251987000000,00;499618000000,00;7,20;11,20;104,09;102,75;104,00;3131126700,00;3433428500,00;100,00;99,00;839454580152,67;106,60;104,30;4,01;9,59;57814,00;#VALOR!;31495,00;1,64;#N/D
abr-92;0;0;6,42;6953420800,00;52626000000,00;472694000000,00;549221000000,00;257205000000,00;498973000000,00;7,20;11,30;104,26;104,59;103,00;2899536200,00;3146308600,00;101,00;99,00;840353053435,11;106,80;104,70;3,81;9,63;58833,00;#VALOR!;32504,33;1,66;#N/D
may-92;0;0;6,20;7209679000,00;46629000000,00;473486000000,00;531858000000,00;264601000000,00;500928000000,00;7,20;11,30;104,99;104,59;109,00;2791948700,00;3136253400,00;101,00;98,00;841210687022,90;106,90;105,00;3,84;9,70;59869,96;#VALOR!;33546,01;1,61;#N/D
jun-92;0;0;5,86;7084296800,00;52635000000,00;481823000000,00;545564000000,00;270002000000,00;507947000000,00;7,20;11,30;104,99;105,50;102,00;3103806700,00;3731003400,00;100,00;98,00;842109160305,34;107,30;105,30;3,80;9,66;60871,00;#VALOR!;34523,00;1,53;#N/D
jul-92;0;0;5,69;7309198900,00;58169000000,00;471686000000,00;530662000000,00;260716000000,00;497239000000,00;7,50;12,30;104,54;110,09;100,00;2796109400,00;3101500800,00;101,00;98,00;843048473282,44;107,50;105,60;3,32;9,69;60468,67;#VALOR!;34090,67;1,48;#N/D
ago-92;0;0;5,45;7461359200,00;58565000000,00;472746000000,00;527173000000,00;255015000000,00;497646000000,00;7,50;12,30;104,65;105,50;93,00;2873296300,00;3396509500,00;99,00;97,00;843906106870,23;107,80;105,60;3,33;9,79;60068,99;#VALOR!;33663,75;1,41;#N/D
sept-92;0;0;5,47;7983706700,00;33666000000,00;476361000000,00;530701000000,00;258398000000,00;501181000000,00;7,50;12,30;105,05;105,50;90,00;3307068400,00;3992512700,00;98,00;96,00;844804580152,67;108,10;105,50;3,29;9,37;59664,00;#VALOR!;33226,00;1,41;#N/D
oct-92;0;0;5,90;9240454600,00;52909000000,00;480846000000,00;506916000000,00;254109000000,00;506592000000,00;8,10;12,30;104,94;103,67;88,00;3202234400,00;3975694700,00;98,00;97,00;845703053435,11;108,50;105,60;3,14;8,85;56005,67;#VALOR!;31719,33;1,54;#N/D
nov-92;0;0;6,20;8691802500,00;54403000000,00;473501000000,00;519660000000,00;255850000000,00;499163000000,00;8,10;12,30;105,16;99,08;88,00;2793576000,00;3530769600,00;97,00;95,00;846560687022,90;108,70;106,00;3,08;8,84;52571,65;#VALOR!;30280,99;1,60;#N/D
dic-92;0;0;6,26;11043605000,00;38179000000,00;475882000000,00;523247000000,00;256000000000,00;502109000000,00;8,10;12,30;104,94;99,08;89,00;2808462000,00;3191211300,00;98,00;95,00;847500000000,00;108,60;106,10;2,97;8,93;48689,00;#VALOR!;28706,00;1,61;#N/D
ene-93;0;0;6,14;7881232200,00;50421000000,00;467660150000,00;514703120000,00;239699360000,00;492882150000,00;8,10;11,80;104,77;100,92;96,00;2527543000,00;2800968600,00;#N/D;85,00;848393103448,28;109,10;108,00;3,12;8,50;49184,67;#VALOR!;29837,00;1,59;#N/D
feb-93;0;0;6,30;12177277000,00;41410000000,00;465104490000,00;505099000000,00;231510320000,00;490413490000,00;8,10;11,80;105,05;99,08;96,00;2483624900,00;2980349900,00;#N/D;85,00;849243678160,92;109,50;108,80;3,06;8,29;49685,38;#VALOR!;31012,56;1,64;#N/D
mar-93;0;0;6,20;12668611000,00;53531000000,00;479530000000,00;510923000000,00;247822470000,00;503861000000,00;8,10;11,80;105,27;100,00;94,00;2760152400,00;3389924300,00;#N/D;85,00;850221839080,46;109,90;109,10;3,11;7,85;50176,00;#VALOR!;32099,00;1,61;#N/D
abr-93;0;0;6,08;9969230600,00;52057000000,00;485042290000,00;504506000000,00;248975790000,00;511662290000,00;6,30;12,80;105,39;99,08;94,00;2560394400,00;3081907800,00;#N/D;85,00;851157471264,37;110,20;109,40;2,98;7,82;49830,67;#VALOR!;32163,67;1,58;#N/D
may-93;0;0;6,14;9206043500,00;48182000000,00;484559370000,00;503462100000,00;254483400000,00;511115370000,00;6,30;12,80;106,01;95,41;95,00;2473665700,00;2972538500,00;#N/D;85,00;852050574712,64;110,40;109,60;3,02;7,41;49487,71;#VALOR!;32228,46;1,59;#N/D
jun-93;0;0;6,50;9284942000,00;74487000000,00;513849970000,00;534893800000,00;272297900000,00;541590970000,00;6,30;12,80;105,95;102,75;98,00;2570072800,00;3329800700,00;#N/D;85,00;852986206896,55;110,50;109,90;3,07;7,51;49140,00;#VALOR!;32293,00;1,69;#N/D
jul-93;0;0;6,78;12164788000,00;53660000000,00;498780500000,00;501436680000,00;253735300000,00;526553500000,00;6,00;12,70;105,78;107,34;98,00;2085597700,00;2493564400,00;#N/D;86,00;853921839080,46;110,50;110,40;3,09;7,12;48761,33;#VALOR!;34317,00;1,74;#N/D
ago-93;1;0;6,87;9966766500,00;54509000000,00;500407420000,00;471154240000,00;250420310000,00;527065420000,00;6,00;12,70;105,95;100,00;103,00;2313274300,00;2916925700,00;#N/D;86,00;854857471264,37;110,80;110,40;3,05;6,49;48385,58;#VALOR!;36467,86;1,67;#N/D
sept-93;0;0;6,54;10366613000,00;64264000000,00;525295840000,00;481233400000,00;267650950000,00;551327840000,00;6,00;12,70;106,29;100,92;103,00;2756031100,00;3374268200,00;#N/D;86,00;855793103448,28;111,10;110,20;3,14;6,52;48004,00;#VALOR!;38365,00;1,62;#N/D
oct-93;0;0;6,76;9058224500,00;52403000000,00;535705180000,00;461266390000,00;266550840000,00;561642180000,00;4,90;10,70;106,57;105,50;111,00;2763321300,00;3350298800,00;#N/D;87,00;856686206896,55;111,50;110,20;2,99;6,53;46366,33;#VALOR!;38227,00;1,68;#N/D
nov-93;0;0;6,78;9011509800,00;58865000000,00;533919220000,00;454383040000,00;268233300000,00;561892220000,00;4,90;10,70;106,74;102,75;109,00;2570463200,00;3320415500,00;#N/D;87,00;857621839080,46;111,60;110,40;3,02;6,20;44784,54;#VALOR!;38089,50;1,71;#N/D
dic-93;0;0;6,77;10300809000,00;62703000000,00;573495700000,00;482435900000,00;283001300000,00;601057700000,00;4,90;10,70;106,51;101,83;116,00;2678274600,00;3157331300,00;#N/D;87,00;858600000000,00;111,60;110,60;2,96;5,99;43091,00;#VALOR!;37951,00;1,73;#N/D
ene-94;0;0;6,76;9530308326,80;61742954066,99;556145830087,18;465976039884,75;284381306339,22;583647766620,64;3,70;9,90;106,61;110,10;133,00;1930281693,75;2867628428,05;#N/D;87,00;861055384615,38;111,90;111,40;3,12;5,76;42785,67;#VALOR!;36452,00;1,74;#N/D
feb-94;0;0;6,72;9452708259,00;63843054545,45;552215859553,62;486155868385,71;278091277445,23;579517782424,38;3,70;9,90;107,01;110,10;130,00;2481276468,27;2890028650,11;#N/D;87,00;863393846153,85;112,30;112,10;3,27;5,79;42482,50;#VALOR!;35012,21;1,71;#N/D
mar-94;0;0;6,60;9541208336,32;74773577511,96;577695668509,15;554425288195,42;290791335784,45;606857677805,88;3,70;9,90;107,11;112,06;127,00;3033071235,21;3510034796,50;#N/D;87,00;866083076923,08;112,70;112,20;3,35;5,73;42175,00;#VALOR!;33454,00;1,67;#N/D
abr-94;0;0;6,58;9469908274,03;68283266985,65;541455940230,17;514005631703,42;289621330409,89;571457813266,56;3,40;9,80;107,51;112,06;126,00;2681974564,91;3091330645,71;#N/D;87,00;868538461538,46;112,80;112,30;3,55;5,48;42285,00;#VALOR!;33307,67;1,66;#N/D
may-94;0;0;6,44;9288708115,71;71013397607,66;529886026979,95;522125562695,88;284391306385,16;559457859185,44;3,40;9,80;108,01;115,16;118,00;2882772660,60;3300832722,59;#N/D;87,00;871110769230,77;112,90;112,60;4,02;5,07;42395,29;#VALOR!;33161,97;1,64;#N/D
jun-94;0;0;6,27;9508708307,93;75403607655,50;554485842533,57;565305195732,11;300941382409,89;584507763329,78;3,40;9,80;108,11;114,13;119,00;3011371441,00;3532235016,58;#N/D;87,00;873683076923,08;113,30;112,90;4,27;4,95;42505,00;#VALOR!;33015,00;1,60;#N/D
jul-94;0;0;6,26;9388108202,56;65153117224,88;529546029529,21;520525576293,43;281381292558,30;558667862208,43;3,40;9,90;107,91;115,16;123,00;2513576161,95;3026230000,34;#N/D;86,00;876138461538,46;113,60;113,20;4,32;4,86;42140,33;#VALOR!;32751,67;1,60;#N/D
ago-94;0;0;6,24;8875107754,34;66793195693,78;513746147994,77;506855692467,46;272571252088,34;542647923510,13;3,40;9,90;108,31;113,09;114,00;2876672718,45;3575235442,87;#N/D;86,00;878827692307,69;114,00;113,40;4,48;4,89;41778,80;#VALOR!;32490,43;1,58;#N/D
sept-94;0;0;6,07;9262008092,38;64763098564,59;524976063794,25;528045512384,96;282631298300,35;554707877361,66;3,40;9,90;108,41;114,13;114,00;3345468272,52;3841438081,85;#N/D;86,00;881400000000,00;114,30;113,20;4,75;4,95;41411,00;#VALOR!;32225,00;1,55;#N/D
oct-94;0;0;5,91;9301508126,89;69103306220,10;508156189907,59;509575669351,63;274301260035,34;537147944556,28;3,60;10,20;108,71;113,09;116,00;3247869198,13;3780737480,10;#N/D;87,00;883855384615,38;114,40;113,10;4,73;5,12;42559,67;#VALOR!;31863,33;1,51;#N/D
nov-94;0;0;6,15;9022807883,39;66023158851,67;504776215250,22;509005674195,76;268771234632,51;533967956724,79;3,60;10,20;108,91;116,19;113,00;3517366642,29;4151941160,00;#N/D;87,00;886427692307,69;114,60;113,20;5,28;5,10;43740,20;#VALOR!;31505,73;1,57;#N/D
dic-94;0;0;6,08;9056107912,48;63153021531,10;510506172287,71;528215510940,22;279051281855,12;541247928867,33;3,60;10,20;108,91;118,26;115,00;3355868173,89;3849738164,13;#N/D;87,00;889000000000,00;114,60;113,40;5,51;5,29;44857,00;#VALOR!;31140,00;1,55;#N/D
ene-95;0;0;5,95;8726307624,33;78393750717,70;498676260986,92;499745752891,55;268721234402,83;528197978804,11;3,60;10,10;109,01;119,29;116,00;3246269213,30;3690236582,92;#N/D;90,00;891352307692,31;115,00;113,80;5,60;5,04;45054,67;#VALOR!;31850,67;1,51;#N/D
feb-95;0;0;5,82;9031507890,99;63883056459,33;488526337089,80;485895870595,31;262361205187,28;517658019136,19;3,60;10,10;109,41;121,35;118,00;3327368444,18;3734137018,13;#N/D;90,00;893490769230,77;115,50;114,30;5,91;5,00;45253,20;#VALOR!;32577,55;1,46;#N/D
mar-95;0;0;5,48;9247808079,97;61952964114,83;498716260687,01;518085597029,68;268601233851,59;528587977311,75;3,60;10,10;109,81;120,32;112,00;3939162642,09;4600745609,19;#N/D;90,00;895950000000,00;115,90;114,30;5,98;4,96;45450,00;#VALOR!;33272,00;1,38;#N/D
abr-95;0;0;5,42;9325608147,95;62002966507,18;500546246966,00;505755701815,77;274041258840,99;531527966061,62;4,20;10,80;110,11;118,26;116,00;3252569153,55;3728236959,64;#N/D;89,00;898088461538,46;116,30;114,60;6,04;4,58;44710,67;#VALOR!;34381,67;1,38;#N/D
may-95;0;0;5,43;9228908063,46;67293219617,22;495276286479,51;487795854448,22;271101245335,69;525787988026,15;4,20;10,80;110,61;119,29;118,00;3956762475,18;4384543465,89;#N/D;89,00;900547692307,69;116,50;114,60;6,03;4,49;43983,36;#VALOR!;35528,34;1,39;#N/D
jun-95;0;0;5,41;9108607958,35;52022488995,22;512216159466,43;519695583347,15;282291296738,52;543867918841,71;4,20;10,80;110,41;119,29;116,00;3791964038,08;4449844113,24;#N/D;89,00;902900000000,00;116,70;115,00;6,00;4,43;43232,00;#VALOR!;36601,00;1,38;#N/D
jul-95;0;0;5,37;9814108574,76;65793147846,89;511746162990,41;495065792664,37;276831271657,24;542707923280,54;4,00;10,50;109,91;115,16;123,00;3071570870,09;3502634723,14;#N/D;88,00;905145384615,38;116,70;115,20;5,87;4,46;42737,67;#VALOR!;36140,67;1,38;#N/D
ago-95;0;0;5,70;9954208697,17;67373223444,98;502286233919,79;486715863626,57;270631243176,68;532537962196,79;4,00;10,50;110,11;119,29;123,00;3479467001,72;4070340351,06;#N/D;88,00;907604615384,62;117,00;115,30;5,75;4,35;42248,99;#VALOR!;35686,12;1,47;#N/D
sept-95;0;0;5,51;11159709750,44;75343604784,69;517376120777,68;519075588616,20;281321292282,69;548097902655,31;4,00;10,50;110,71;119,29;124,00;3692964976,96;4331842943,45;#N/D;88,00;909850000000,00;117,30;115,20;5,83;4,09;41749,00;#VALOR!;35220,00;1,42;#N/D
oct-95;0;0;5,47;10537509206,81;72633475119,62;524136070092,41;522115562780,86;281981295314,49;554197879313,21;3,60;9,90;110,71;119,29;124,00;4021261863,49;4408243700,84;#N/D;88,00;912202307692,31;117,60;115,10;5,77;4,00;42825,00;#VALOR!;36849,00;1,41;#N/D
nov-95;0;0;5,56;10539109208,21;73123498564,59;511446165239,76;503115724251,72;273071254385,16;542097925614,75;3,60;9,90;111,01;122,39;125,00;4006462003,85;4389843518,43;#N/D;88,00;914554615384,62;117,60;115,10;5,80;3,91;43928,73;#VALOR!;38553,34;1,44;#N/D
dic-95;0;0;5,55;11015709624,62;71693430143,54;542735930632,96;545495364086,73;291981341250,88;574867800217,95;3,60;9,90;110,91;118,26;129,00;3436767406,67;3746037136,10;#N/D;88,00;916800000000,00;117,50;115,40;5,69;3,82;44977,00;#VALOR!;40107,00;1,43;#N/D
ene-96;0;0;5,77;12998011356,59;82223933971,29;557545819590,24;525685532441,34;285751312632,51;587937750204,64;3,10;9,30;110,81;115,41;133,00;3709864816,69;3886138524,98;#N/D;90,00;915710559985,66;118,20;115,50;5,64;3,51;45814,33;#VALOR!;40723,33;1,49;#N/D
feb-96;0;0;5,67;12984111344,45;80133833971,29;550915869300,78;528835505671,17;282101295865,72;581337775460,02;3,10;9,30;111,41;116,61;132,00;3601065848,51;3939339052,38;#N/D;90,00;917728967611,35;118,60;116,10;5,25;3,26;46667,26;#VALOR!;41349,14;1,47;#N/D
mar-96;0;0;5,70;14560612721,87;78703765550,24;561375790873,58;544375373605,01;295791358752,65;592427733023,33;3,10;9,30;112,01;122,55;134,00;3872563273,70;4531544923,18;#N/D;90,00;920075962470,22;119,20;116,20;5,29;3,25;47489,00;#VALOR!;41956,00;1,48;#N/D
abr-96;0;0;5,89;16228914179,49;90474328708,13;556515827312,99;530295493263,41;303021391964,66;588197749209,73;2,70;8,60;112,31;123,73;138,00;3524066578,75;3915238813,47;#N/D;90,00;922092667068,71;119,60;116,30;5,27;3,22;47200,00;#VALOR!;41577,67;1,53;#N/D
may-96;0;0;5,92;15193413274,76;70613378468,90;535645983792,50;520105579862,78;295841358982,33;568187825779,46;2,70;8,60;112,71;121,36;141,00;3544666383,39;4186541503,01;#N/D;90,00;924437831300,04;119,90;116,50;5,27;3,19;46912,76;#VALOR!;41202,74;1,53;#N/D
jun-96;0;0;5,87;14580712739,43;67293219617,22;554425842983,43;556655269243,84;304681399590,11;587397752270,99;2,70;8,60;112,61;121,36;142,00;3622765642,71;4091540561,22;#N/D;90,00;926672310365,81;119,90;116,60;5,31;3,29;46622,00;#VALOR!;40821,00;1,52;#N/D
jul-96;0;0;5,68;14115612333,06;89044260287,08;548575886845,68;547265349044,44;299371375197,88;580827777411,57;2,70;8,60;112,41;126,10;143,00;3334668374,95;3659336276,59;#N/D;89,00;928796168563,27;120,20;117,00;5,46;3,29;47122,00;#VALOR!;41947,33;1,47;#N/D
ago-96;0;0;5,72;13596011879,08;68813292344,50;552345858578,90;557755259895,53;301261383879,86;584977761531,30;2,70;8,60;112,71;122,55;149,00;3600665852,30;4173841377,11;#N/D;89,00;931138556854,62;120,40;116,90;5,23;3,20;47627,36;#VALOR!;43104,74;1,48;#N/D
sept-96;0;0;5,86;14103312322,31;78783769377,99;556665826188,32;566135188678,38;306371407353,36;588837746760,72;2,70;8,60;113,21;121,36;155,00;3843863545,88;4501744627,75;#N/D;89,00;933260650579,35;120,80;116,80;5,33;3,02;48122,00;#VALOR!;44200,00;1,53;#N/D
oct-96;0;0;5,80;15060013158,20;107905162679,43;575345686129,03;570415152304,95;316081451957,60;612207657333,71;2,70;8,30;113,41;122,55;161,00;4269159512,50;4710746699,68;#N/D;89,00;935491536694,30;121,20;116,80;5,27;3,04;48327,00;#VALOR!;43973,67;1,51;#N/D
nov-96;0;0;5,89;14369212554,64;94634527751,20;558455812767,22;568235170831,61;310201424947,00;596317718137,96;2,70;8,30;113,61;121,37;168,00;3880563197,83;4423343850,53;#N/D;89,00;937721519903,04;121,40;116,70;5,32;3,09;48532,87;#VALOR!;43748,49;1,53;#N/D
dic-96;0;0;5,94;14140412354,73;95554571770,34;583255626821,27;592824961854,32;325521495321,55;621687621057,80;2,70;8,30;113,51;120,17;172,00;3689065013,95;4089040536,44;#N/D;89,00;939892622665,89;121,40;117,00;5,37;3,13;48737,00;#VALOR!;43521,00;1,55;#N/D
ene-97;0;0;6,24;15058354668,69;117983078492,25;580991574586,71;575356300887,09;316138955150,80;619249316199,02;2,60;7,80;113,80;123,74;180,77;3863883620,74;3977569271,94;#N/D;92,00;939258642758,17;121,80;117,60;5,25;3,03;46952,67;#VALOR!;41897,67;1,63;#N/D
feb-97;0;0;6,45;14634413607,47;101236109842,84;577347631220,65;569121922308,27;312397945336,52;615591514846,11;2,60;7,80;113,85;126,13;187,48;3446897162,36;3789365151,02;#N/D;92,00;941813169622,14;122,20;118,10;5,19;3,08;45233,66;#VALOR!;40334,88;1,69;#N/D
mar-97;0;0;6,45;14480412872,84;105593704304,24;582965306617,62;617495883277,13;318710076098,09;625304757235,80;2,60;7,80;113,91;122,55;189,67;3434013559,96;3787212622,59;#N/D;92,00;944707459919,87;122,50;117,90;5,41;3,16;43384,00;#VALOR!;38651,00;1,68;#N/D
abr-97;0;0;6,58;15351994505,25;115137963260,40;578831618156,18;593346737153,94;321181385228,43;617049628426,17;2,60;7,60;114,25;128,49;191,28;3855257370,51;4097077960,45;#N/D;92,00;947265171666,53;122,60;117,90;5,55;3,14;43966,33;#VALOR!;38736,33;1,73;#N/D
may-97;0;0;6,47;16685268068,83;96750890408,30;587716596843,36;588196702491,20;328902710733,30;626512031239,81;2,60;7,60;115,05;126,12;195,56;3581084874,27;4011634642,31;#N/D;92,00;950162864716,83;122,50;118,40;5,53;3,09;44556,48;#VALOR!;38821,86;1,70;#N/D
jun-97;0;0;6,64;16663468083,19;106522428520,16;609973562657,77;618552770609,39;341874576903,27;649104304800,63;2,60;7,60;115,32;126,12;199,03;3718656920,72;4083317455,40;#N/D;92,00;952949464428,74;122,70;118,60;5,59;3,05;45131,00;#VALOR!;38907,00;1,74;#N/D
jul-97;0;0;6,99;16404207076,91;129202823072,78;610770518735,03;615248438637,11;340029663929,50;650054480527,21;2,60;7,70;115,04;132,05;203,57;3188033769,16;3439603030,53;#N/D;93,00;955624863348,03;122,80;119,20;5,56;3,06;46170,00;#VALOR!;40289,00;1,83;#N/D
ago-97;0;0;6,84;16596127641,87;116574809949,29;606979346846,00;611092146959,71;333777924887,77;648040260030,72;2,60;7,70;115,49;127,31;192,94;3227961190,68;3616026887,18;#N/D;93,00;958527720628,59;123,10;119,30;5,55;3,19;47232,92;#VALOR!;41720,09;1,79;#N/D
sept-97;0;0;6,74;17721660828,48;119225754929,41;609221840288,12;608612739078,70;335099956324,07;648691099437,59;2,60;7,70;115,83;130,88;199,40;4012719238,51;4252554088,58;#N/D;93,00;961206420360,28;123,40;119,00;5,59;3,24;48248,00;#VALOR!;43053,00;1,77;#N/D
oct-97;0;0;6,58;20812357913,34;134158932596,05;609619336444,79;593032521287,69;341746584468,27;650027512405,58;2,80;7,80;115,88;130,88;190,06;4221530372,68;4505384830,13;#N/D;#N/D;963999730013,79;123,70;118,90;5,53;3,51;50122,00;#VALOR!;42810,00;1,72;#N/D
nov-97;0;0;6,72;19381075038,61;112233994039,00;584405101998,03;586228768920,18;326623914546,03;624143063617,20;2,80;7,80;116,05;130,89;197,92;3900922940,41;4248033428,77;#N/D;#N/D;966794728157,46;123,60;118,90;5,55;3,68;52068,79;#VALOR!;42568,37;1,76;#N/D
dic-97;0;0;6,83;19124273685,93;125318622296,55;624489852978,02;629399174147,97;344055986117,46;664078919586,14;2,80;7,80;115,88;132,06;206,48;3587741742,41;3907557068,61;#N/D;#N/D;969380795935,65;123,50;119,10;5,56;3,67;53870,00;#VALOR!;42324,00;1,79;#N/D
ene-98;0;0;6,96;21897409215,77;137975273144,75;622705291118,82;600894481841,06;337923162730,27;663928710753,14;2,80;7,80;115,77;132,07;216,32;3575410904,52;3730483942,66;#N/D;#N/D;968246693731,98;123,71;119,09;5,56;3,33;54425,33;#VALOR!;41709,00;1,83;#N/D
feb-98;0;0;6,90;20369067304,06;120139249902,52;634565279774,91;630580305692,28;331953524782,48;673904425383,74;2,80;7,80;116,28;133,27;219,62;3582789018,94;3757506657,17;#N/D;#N/D;970398760967,34;123,96;119,48;5,51;3,44;54986,39;#VALOR!;41102,94;1,81;#N/D
mar-98;0;0;7,04;19624644233,17;124666373826,69;655846336830,09;652286556558,49;352676240569,96;697459588682,31;2,80;7,60;116,50;133,26;239,97;4175430252,22;4169312382,05;#N/D;#N/D;972898358815,53;124,18;119,28;5,51;3,47;55536,00;#VALOR!;40479,00;1,85;#N/D
abr-98;0;0;6,84;17020178271,35;114072943049,83;636426457451,28;637225602532,64;357553650191,18;679019553883,03;2,80;7,60;116,78;122,54;230,00;3404645844,88;3451387695,82;#N/D;#N/D;975048789391,64;124,36;119,62;5,49;3,48;56481,00;#VALOR!;42913,67;1,79;#N/D
may-98;0;0;6,79;16812158341,73;91318783913,30;640240390479,16;622927941071,13;350284721910,50;683804052555,75;2,80;7,60;117,35;121,36;233,21;3440055188,62;3446648948,13;#N/D;#N/D;977546628377,42;124,58;120,01;5,52;3,50;57442,08;#VALOR!;45494,77;1,78;#N/D
jun-98;0;0;6,89;16713377956,83;111513964646,36;664525863148,07;680472226254,06;362988380686,59;704660109926,19;3,00;7,80;117,29;133,26;225,44;3861700490,96;4232078843,90;#N/D;#N/D;979927512813,02;124,76;120,21;5,59;3,44;58371,00;#VALOR!;47783,00;1,81;#N/D
jul-98;0;0;6,79;17044758423,31;123489747995,05;635852031973,16;631314968106,33;353030333312,57;675827943862,40;3,00;7,80;117,09;139,18;225,43;3347506048,43;3624707535,39;#N/D;#N/D;982191504232,01;124,86;120,23;5,58;3,35;60328,33;#N/D;49857,67;1,78;#N/D
ago-98;0;0;6,75;13879221104,05;98382997003,51;662016419824,14;701316898229,19;345047780032,01;701588791490,63;3,00;7,80;117,29;134,45;207,07;3467364898,35;3781750169,50;#N/D;#N/D;984686676025,34;125,09;119,99;5,56;3,51;62351,30;#N/D;52022,41;1,77;#N/D
sept-98;0;0;6,37;15544725056,05;96852548387,94;696000329093,35;765808780051,74;361707964814,15;734180864213,53;3,10;7,90;117,74;129,69;187,53;4263886686,09;4436412745,03;#N/D;#N/D;986948971729,47;125,23;119,69;5,56;3,64;64243,00;#N/D;54007,00;1,68;#N/D
oct-98;0;0;6,29;15037324732,81;108248171769,29;632906383440,55;709419624861,55;362317059381,95;675392030226,83;3,10;7,90;117,80;133,26;180,50;4320286642,47;4535288806,62;#N/D;#N/D;989326403455,37;125,53;119,47;5,09;3,52;66765,67;#N/D;53208,33;1,65;#N/D
nov-98;0;0;6,49;15369095344,18;101288706532,74;613461909728,26;708278372930,39;351256428942,65;656050414748,82;3,10;7,90;118,04;132,08;175,67;4062344510,87;4260375486,85;#N/D;#N/D;991702967475,27;125,51;119,47;4,85;3,63;69387,39;#N/D;52421,48;1,70;#N/D
dic-98;0;0;6,39;15264234433,44;97004671912,24;646861562385,76;714574727342,21;360738158335,30;686162665468,22;3,40;8,30;117,85;127,30;183,11;3921764915,75;4051681126,98;#N/D;#N/D;994012382013,46;125,50;119,56;4,73;3,35;71811,00;#N/D;51591,00;1,67;#N/D
ene-99;0;0;6,52;17346107300,31;107589451178,41;641553827688,23;697857952247,89;367714106492,75;687320557990,69;3,40;8,30;117,75;130,88;181,92;3577390023,92;3836988111,23;#N/D;#N/D;990751578609,86;125,78;119,32;4,63;3,05;72630,67;#N/D;53081,67;1,72;#N/D
feb-99;0;0;6,74;18402760806,93;102784202597,82;660366778210,27;684765700726,89;360791963654,88;703575486808,30;3,40;8,30;118,62;130,89;175,62;3530115807,95;3785873248,12;#N/D;#N/D;992243169007,93;125,95;119,71;4,76;3,06;73459,69;#N/D;54615,40;1,78;#N/D
mar-99;0;0;6,93;20063845223,11;124330362037,97;681130920137,44;709744676966,09;372732419204,23;728141446762,99;2,80;7,40;119,22;133,26;170,86;4186038017,84;4460227635,63;#N/D;#N/D;994087217081,96;126,33;119,73;4,83;2,94;74270,00;#N/D;56063,00;1,82;#N/D
abr-99;0;0;7,01;19996091956,80;117687036292,42;644265779962,10;653028980189,37;381696378892,46;689308891711,86;2,80;7,40;119,50;132,06;174,80;3420924683,94;3673091940,23;#N/D;#N/D;995571601614,70;127,19;120,43;4,77;2,73;73923,67;#N/D;55126,33;1,84;#N/D
may-99;0;0;7,10;19754568552,51;119578335963,91;657973874332,20;661059992090,46;386050906976,22;702591625505,74;2,80;7,40;119,69;135,64;181,72;3462203699,20;3884960462,46;#N/D;#N/D;997407819748,33;127,18;120,47;4,77;2,61;73578,95;#N/D;54205,32;1,88;#N/D
jun-99;0;0;7,20;21874802031,45;135837574394,74;674861570083,59;714835653763,34;386814306811,93;717865937059,71;2,30;7,00;120,13;132,07;185,63;3756191003,46;4093471599,71;#N/D;#N/D;999121655006,35;127,21;120,67;4,78;2,55;73231,00;42816000000,00;53253,00;1,90;65144000000,00
jul-99;0;0;6,95;22680377740,19;129717836153,52;642643325247,40;661718219959,77;381116775669,13;685579262749,46;2,30;7,00;119,81;134,43;186,71;3155901186,08;3585404915,11;#N/D;#N/D;1000713429606,75;127,55;120,92;5,03;2,48;72597,33;42035666666,67;53184,00;1,84;65358333333,33
ago-99;0;0;7,06;23039135032,16;126197713437,61;637288291587,23;665460174038,39;381592962577,85;679865461610,78;2,30;7,00;120,51;132,07;189,88;3526158097,57;3872437322,27;#N/D;#N/D;1002537786085,59;127,93;120,79;5,08;2,45;71969,15;41269555122,18;53115,09;1,86;65573371854,83
sept-99;0;0;6,96;23907638535,97;132933105456,52;639915484836,25;667926330349,89;376701331574,95;682183835333,26;2,20;6,90;121,08;135,64;187,15;3955315204,76;4353636464,73;#N/D;#N/D;1004122091224,06;128,52;120,49;5,26;2,53;71330,00;40517406170,53;53046,00;1,84;65789117884,67
oct-99;0;0;7,09;23182138129,08;147123310846,01;637815393792,11;676719421068,47;382393783652,87;680810165069,66;2,20;6,90;121,26;134,45;189,30;3872573854,62;4546793998,82;#N/D;#N/D;1005820671397,36;128,75;120,39;5,22;2,57;70797,00;39778965339,65;50419,00;1,88;66005573750,64
nov-99;0;0;7,35;22707893121,01;151862057901,86;629050046033,12;686463012018,23;372018630363,56;672634859278,62;2,20;6,90;121,50;139,22;207,89;3995304123,77;4480948142,95;#N/D;#N/D;1007515425121,53;128,81;120,62;5,45;3,10;70267,98;39053982795,27;47922,10;1,94;66222741788,23
dic-99;0;0;7,40;22286950275,45;192873265685,83;634608584384,87;697546393067,36;381768862063,54;680041655523,31;2,40;7,20;121,56;139,20;211,46;3726398372,45;4002082769,46;#N/D;#N/D;1010716717619,62;128,87;120,93;5,36;3,23;69731,00;38134000000,00;45165,00;1,96;66430000000,00
ene-00;0;0;7,59;18982007988,79;143269590597,68;622102729074,78;720303866905,97;369161508911,22;666055129121,40;2,40;7,20;121,45;138,02;223,20;3358282741,85;3689460581,26;#N/D;#N/D;1009158602974,68;129,22;121,27;5,45;2,95;69913,33;38929333333,33;45879,33;1,99;67931000000,00
feb-00;0;0;7,65;17923259222,55;138429353633,98;624229509120,34;740907262111,96;368199206341,14;667844429585,23;2,40;7,20;122,21;136,84;241,43;3545534698,94;3939586864,85;#N/D;#N/D;1011025255411,24;130,01;121,89;5,73;3,22;70096,14;39741254360,36;46604,96;2,01;69465915414,72
mar-00;0;0;7,79;17234338845,51;127629477784,98;638592235300,80;747911920517,90;374199842968,78;682799285224,51;2,50;7,30;123,05;136,83;266,08;4019929731,75;4271680806,27;#N/D;#N/D;1013252324455,89;131,08;122,03;5,87;3,52;70278,00;40520000000,00;47308,00;2,05;70933000000,00
abr-00;0;0;8,21;15854372910,11;153412958011,15;633158863385,74;748919839589,16;377675234073,86;677656926459,03;2,50;7,30;123,21;143,96;266,42;3052104404,67;3346168854,95;#N/D;#N/D;1015114081358,18;131,09;122,27;6,06;3,74;70296,33;41030333333,33;46294,67;2,15;71801666666,67
may-00;0;0;8,00;16065855751,90;140839751305,86;639330981891,01;784804529170,19;375726151117,79;684717659116,17;2,50;7,30;123,65;148,72;277,39;3486266291,25;3805235622,44;#N/D;#N/D;1017335861454,59;131,23;122,19;6,31;4,02;70314,67;41547094112,65;45303,04;2,09;72680971284,33
jun-00;0;0;7,79;15205370922,98;120195896155,16;658699819956,17;805446403147,45;387137105961,24;703973029033,86;2,90;7,80;124,09;133,26;274,81;3599389433,29;3881565278,34;#N/D;#N/D;1019434177847,48;131,96;122,97;6,56;4,25;70333,00;42051000000,00;44268,00;2,05;73539000000,00
jul-00;0;0;8,06;14506249722,22;123834752878,59;#VALOR!;#VALOR!;#VALOR!;#VALOR!;2,90;7,80;123,52;#VALOR!;312,45;#VALOR!;#VALOR!;#N/D;#N/D;1021409231376,46;132,21;123,22;6,59;4,25;71775,00;42572000000,00;45321,67;2,11;74267666666,67
ago-00;0;0;8,33;13982921261,73;139346579387,34;#VALOR!;#VALOR!;#VALOR!;#VALOR!;2,90;7,80;123,47;#VALOR!;341,55;#VALOR!;#VALOR!;#N/D;#N/D;1023622995569,68;132,29;122,97;6,52;4,44;73246,56;43099455042,69;46400,41;2,19;75003553381,35
sept-00;0;0;8,47;13848922322,64;140727873918,21;#VALOR!;#VALOR!;#VALOR!;#VALOR!;3,40;8,40;124,29;#VALOR!;368,17;#VALOR!;#VALOR!;#N/D;#N/D;1025592976475,33;132,96;123,47;6,58;4,79;74659,00;43614000000,00;47429,00;2,23;75725000000,00
oct-00;0;0;8,86;14155323282,13;132351878029,68;#VALOR!;#VALOR!;#VALOR!;#VALOR!;3,40;8,40;124,60;#VALOR!;368,66;#VALOR!;#VALOR!;#N/D;#N/D;1027680949224,03;133,19;123,26;6,54;4,91;75272,00;43184666666,67;45880,00;2,32;75603666666,67
nov-00;0;0;8,60;14255695681,47;147401938723,14;#VALOR!;#VALOR!;#VALOR!;#VALOR!;3,40;8,40;124,72;#VALOR!;337,15;#VALOR!;#VALOR!;#N/D;#N/D;1029766325067,61;133,24;123,49;6,54;5,12;75890,03;42759559662,29;44381,59;2,25;75482527744,40
dic-00;0;0;8,02;15108234081,53;149135257416,78;#VALOR!;#VALOR!;#VALOR!;#VALOR!;3,80;8,80;124,53;#VALOR!;335,19;#VALOR!;#VALOR!;#N/D;#N/D;1031875966427,50;133,23;123,57;6,47;5,14;76498,00;42326000000,00;42782,00;2,10;75361000000,00