;;1960;1961;1962;1963;1964;1965;1966;1967;1968;1969;1970;1971;1972;1973;1974;1975;1976;1977;1978;1979;1980;1981;1982;1983;1984;1985;1986;1987;1988;1989;1990;1991;1992;1993;1994;1995;1996;1997;1998;1999;2000;2001;2002;2003
index;country index number;1;1;1;1;1;1;1;1;1;1;1;1;1;1;1;1;1;1;1;1;1;1;1;1;1;1;1;1;1;1;1;1;1;1;1;1;1;1;1;1;1;1;1;1
country;country;Algeria;Algeria;Algeria;Algeria;Algeria;Algeria;Algeria;Algeria;Algeria;Algeria;Algeria;Algeria;Algeria;Algeria;Algeria;Algeria;Algeria;Algeria;Algeria;Algeria;Algeria;Algeria;Algeria;Algeria;Algeria;Algeria;Algeria;Algeria;Algeria;Algeria;Algeria;Algeria;Algeria;Algeria;Algeria;Algeria;Algeria;Algeria;Algeria;Algeria;Algeria;Algeria;Algeria;Algeria
year;year;1960;1961;1962;1963;1964;1965;1966;1967;1968;1969;1970;1971;1972;1973;1974;1975;1976;1977;1978;1979;1980;1981;1982;1983;1984;1985;1986;1987;1988;1989;1990;1991;1992;1993;1994;1995;1996;1997;1998;1999;2000;2001;2002;2003
inclevel;WB income level classification;2;2;2;2;2;2;2;2;2;2;2;2;2;2;2;2;2;2;2;2;2;2;2;2;2;2;2;2;2;2;2;2;2;2;2;2;2;2;2;2;2;2;2;2
ifscode;IFS country code;612;612;612;612;612;612;612;612;612;612;612;612;612;612;612;612;612;612;612;612;612;612;612;612;612;612;612;612;612;612;612;612;612;612;612;612;612;612;612;612;612;612;612;612
;;;;;;;;;;;;;;;;;;;;;;;;;;;;;;;;;;;;;;;;;;;;;
Gross Domestic Product/source: IMF, WEO;;;;;;;;;;;;;;;;;;;;;;;;;;;;;;;;;;;;;;;;;;;;;
ngdp;nominal gdp (bils nc);;;11,7455;18,835;20,3019;22,3917;21,8713;24,5541;28,3215;31,8191;36,4056;36,6397;41,8721;47,848;50,7237;60,9532;72,3567;87,2369;104,877;128,217;162,5;191,5;207,6;233,7;263,9;291,6;296,6;312,7;347,7;422,043;554,4;862,132;1074,7;1189,72;1487,4;2004,99;2570;2780,2;2830,49;3248,2;4098,82;4235,62;4455,32;5135,42
gdpdef;gdp deflator;;;3,47656;4,28067;4,5632;4,86437;5,18542;5,52765;5,89248;6,28138;6,69596;6,87183;7,12309;7,56279;7,92082;8,63062;9,39695;10,5339;11,597;14,9872;20,0788;22,9729;23,4062;24,999;26,7325;27,972;28,5086;30,268;34,3077;39,7359;51,7832;81,5046;100;113,081;142,658;185,176;228,67;244,681;237,019;263,563;325,424;327,763;331,186;360,464
rgdp;real gdp (bils nc);;;337,848;440,001;444,906;460,32;421,785;444,205;480,638;506,562;543,696;533,186;587,836;632,677;640,384;706,244;770,002;828,155;904,346;855,511;809,313;833,593;886,943;934,838;987,188;1042,47;1040,39;1033,1;1013,47;1062,12;1070,62;1057,77;1074,7;1052,1;1042,63;1082,75;1123,89;1136,26;1194,2;1232,42;1259,53;1292,28;1345,26;1424,67
gdpus;gdp in us dollars (bills);;;2,37905;3,81503;4,11215;4,53542;4,43002;4,97343;5,73651;6,44495;7,37395;7,45824;9,32845;12,0752;12,1327;15,4335;17,3775;21,0374;26,4447;33,2749;42,3458;44,3718;44,78;47,529;51,5128;61,1321;61,5353;63,2996;51,6642;52,5583;61,89;46,67;49,22;50,96;42,43;42,07;46,94;48,18;48,19;48,85;54,75;54,74;56,75;67,80
;;;;;;;;;;;;;;;;;;;;;;;;;;;;;;;;;;;;;;;;;;;;;
Balance of Payments in billions of US dollars/ IMF, WEO;;;;;;;;;;;;;;;;;;;;;;;;;;;;;;;;;;;;;;;;;;;;;
tflow;total capital flows net;;;;;;;0,0589982;0,100998;0,008998;0,0839977;0,0719974;0,0280812;0,19651;1,13848;0,514719;1,26877;1,8172;2,12985;3,78803;2,71588;1,21121;0,263682;-0,904361;-0,372745;-0,445882;0,0115359;0,740912;-0,429306;0,711755;1,32318;-0,53;-0,64;-0,60;-0,91;-0,90;-3,02;-1,93;-1,47;-0,92;-2,43;-1,72;-1,36;-1,50;-1,86
cabal;current account balance;;;;;;;0,0548243;0,0992176;-0,0345167;-0,207375;-0,125374;0,0423218;-0,126565;-0,447231;0,175772;-1,66115;-0,8862;-2,32306;-3,53821;-1,63115;0,241824;-0,209463;-0,435739;-0,0851989;0,0742463;1,01456;-2,22955;0,141246;-1,9;-1,033;1,35;2,39;1,29;0,81;-1,84;-2,24;1,25;3,45;-0,91;0,02;9,14;7,06;4,36;8,81
finbal;financial account balance;;;;;;;-0,0298518;-0,0673517;-0,040752;0,166198;0,142347;-0,122637;0,210028;0,511388;-0,0273679;1,59473;1,18059;2,21121;3,49111;2,03762;0,0972131;0,341682;0,368639;0,169255;-0,0298818;-1,33346;1,89991;-0,409306;1,50776;1,38218;-0,26;-1,50;-0,27;-0,61;-2,02;-2,49;-4,17;-5,43;0,28;-0,02;-9,24;-7,53;-4,89;-8,86
fdinet;fdi net;;;;;;;0,008;0,047;0,064;0,041;0,045;-0,15145;0,0173714;0,0500695;0,358387;0,0849905;0,183569;0,172906;0,1349;0,0101213;0,320782;-0,0013902;-0,0653282;-0,0125292;-0,0140466;-0,0871156;-0,0640112;-0,109079;-0,048;-0,033;-0,04;-0,08;0,03;0;0;0;0,3;0,26;0,5;0,46;0,42;1,18;0,97;1,5
onet;other investment net;;;;;;;0,0509982;0,0529983;-0,056002;0,0429977;0,0269974;0,179531;0,179139;1,08841;0,156333;1,18257;1,63363;1,95694;3,65313;2,70498;0,890431;0,265072;-0,836202;-0,360215;-0,431835;0,0986515;0,804924;-0,320227;0,759755;1,35618;-0,31;-1,23;-0,24;-0,3;2,98;1,93192;0,7624;0,748652;-0,79;-1,994;-2,01466;-2,13285;-1,67;-1,56629
pnet;portfolio investment net;;;;;;;0;0,001;0,001;0;0;0;0;0;0;0,0012141;0;0;0;0,0007786;0;0;-0,0028309;0;0;0;0;0;0;0;0;0;0;0;0;0;0;0;0;0;0;0;0;0
kfinbal;capital and financial account balance;;;;;;;0,0050775;0,0021841;0,0435187;0,166198;0,142347;-0,122637;0,210028;0,511388;-0,0273679;1,59473;1,18059;2,21121;3,49111;2,03762;0,0972131;0,341682;0,368639;0,169255;-0,0298818;-1,33346;1,89991;-0,409306;1,50776;1,38218;-0,26;-1,81;-0,11;-0,3;1,88;2,43192;-1,0376;-3,41;0,91;0,87;-9,11292;-7,0018;-4,13302;-7,7188
trade;trade balance;-0,811603;-0,597822;-0,165705;0,236239;0,176363;0,0978569;0,107004;0,155003;0,103004;-0,0539952;-0,0679947;-0,179529;-0,0792503;-0,19073;1,27722;-0,950654;0,527643;-0,188793;-0,953094;1,67913;4,05553;4,02871;3,62095;3,22526;3,55142;3,63515;-0,469319;1,75796;0,122028;0,0970281;3,11;4,67;3,21;2,42;-0,259998;0,158212;4,13;5,69;1,51;3,36;12,3079;9,6118;7,40302;11,5588
resrv;foreign reserves;0,2657;0,3117;0,1857;0,2372;0,1949;0,1842;0,27305;0,4421;0,49165;0,40945;0,3393;0,506531;0,493014;1,14321;1,68875;1,35251;1,98743;1,91738;2,23253;2,91617;4,02184;3,92279;2,63754;2,08496;1,65569;3,03358;1,8992;1,91766;1,16314;1,10378;0,980672;1,76539;1,72572;1,74313;2,95913;2,29563;4,51598;8,31038;7,12067;4,79385;12,2785;18,327;23,5032;31,1557
impgs;imports of goods and services;;;;;;;-0,803229;-0,695634;-0,938698;-1,16788;-1,3233;-1,24162;-1,63213;-2,65833;-4,38397;-6,46734;-6,00076;-7,73013;-9,25313;-10,1981;-13,0603;-13,5914;-13,2766;-12,548;-12,1891;-12,2106;-10,8685;-9,11984;-9,56399;-11,146;-11,48;-9,54;-10,06;-9,6;-11,08;-12,11;-11,24;-10,28;-10,85;-11,52;-11,7044;-11,92;-14,52;-15,5908
expgs;exports of goods and services;;;;;;;0,889867;0,864386;0,974626;0,995891;1,10825;0,923662;1,33052;2,11232;5,12192;4,78443;5,4574;6,29648;6,66557;9,95206;14,2575;14,6752;14,1444;13,5101;13,4473;13,6559;8,69725;9,67484;8,14801;9,95601;13,39;12,86;12,13;11;9,58;10,9382;13,966;14,89;10,88;13,04;22,5623;20,0018;20,013;25,4555
fdiin;fdi inflows;;;;;;;0,008;0;0;0;0;0;0;0;0;0;0;0;0;0;0;0;0;0;0;0;0;0;0;0;-0,04;-0,08;0,03;0;0;0;0,3;0,26;0,5;0,46;0,42;1,18;0,97;1,5
;;;;;;;;;;;;;;;;;;;;;;;;;;;;;;;;;;;;;;;;;;;;;
Price Indeces/IMF, WEO;;;;;;;;;;;;;;;;;;;;;;;;;;;;;;;;;;;;;;;;;;;;;
cpi;consumer price index;;;;3,59559;3,8329;4,08587;4,35554;4,64301;4,94944;5,27611;5,62433;5,77206;5,98311;6,35243;6,65317;7,24937;7,89306;8,84803;10,3675;11,5547;12,6718;14,5231;15,4807;16,6936;17,747;19,5983;22,3433;23,652;25,0564;27,3546;29,8908;37,6325;49,562;59,7222;77,0416;100;118,7;125,466;131,677;135,101;135,506;141,197;143,174;146,467
tot;terms of trade;;;;;;;62,4372;62,4056;60,3495;57,4027;54,7938;64,4656;64,2399;72,1227;152,773;148,558;168,591;183,37;164,806;191,176;263,024;260,15;297,634;268,312;274,929;287,123;160,73;143,326;118,541;134,413;154,466;147,896;133,181;120,369;99,7601;100;111,361;125,053;88,0636;95,4694;152,143;141,284;130,571;147,055
inf;cpi inflation;;;;;6,39;6,39;6,39;6,39;6,39;6,39;6,39;2,59;3,59;5,99;4,63;8,58;8,51;11,42;15,85;10,84;9,23;13,64;6,39;7,54;6,12;9,92;13,11;5,69;5,77;8,78;8,87;23,03;27,54;18,65;25,46;26,08;17,14;5,54;4,83;2,57;0,3;4,11;1,39;2,27
iitax;inflation tax;;;;;0,0600739;0,0600737;0,0600738;0,0600737;0,0600739;0,0600739;0,0600737;0,025272;0,0346658;0,0565129;0,0442108;0,0790379;0,0783993;0,1025044;0,1368042;0,0978062;0,0844938;0,1199981;0,0600192;0,0701416;0,0576588;0,0902695;0,1158935;0,0538548;0,0545373;0,0806746;0,0814448;0,1872018;0,2159055;0,1571705;0,20296;0,2068683;0,1463419;0,0525231;0,0460908;0,0250254;0,0029866;0,0395162;0,0137123;0,0222339
;;;;;;;;;;;;;;;;;;;;;;;;;;;;;;;;;;;;;;;;;;;;;
Fiscal and National Accounts in billions of national currency/IMF, WEO;;;;;;;;;;;;;;;;;;;;;;;;;;;;;;;;;;;;;;;;;;;;;
cgbal;central government balance;;;;1,47312;1,58785;1,7513;1,7106;1,92043;2,21508;2,48863;2,84735;2,86566;3,2749;3,74228;3,9672;4,76727;5,65916;6,82297;8,42637;10,567;16,145;26,605;2,82;-3,58599;2,09;9,573;-12,852;-10,793;-26,201;-8,07899;20,16;14,27;-12,2242;-100,584;-65,392;-28,243;75,257;66,126;-108,134;-16,493;398,854;144,001;10,435;36,4306
cgexp;central government expenditure;;;;5,09669;5,49363;6,0591;5,9183;6,64426;7,66371;8,61014;9,85124;9,91457;11,3304;12,9475;13,7257;16,4937;19,5795;23,606;29,1534;36,5595;45,438;55,106;74,752;88,097;96,986;99,017;105,236;103,748;119,654;124,492;140,04;258,13;329,024;420,684;499,553;629,09;749,9;860,542;882,645;966,988;1179,31;1334,51;1592,75;1802,32
cgrev;central government revenue;;;;6,56982;7,08149;7,8104;7,6289;8,56469;9,87879;11,0988;12,6986;12,7802;14,6053;16,6898;17,6929;21,261;25,2386;30,429;37,5798;47,1265;61,583;81,711;77,572;84,511;99,076;108,59;92,384;92,955;93,453;116,413;160,2;272,4;316,8;320,1;434,161;600,847;825,157;926,668;774,511;950,495;1578,16;1478,51;1603,18;1838,75
ggbal;general government balance;;;;1,47312;1,58785;1,7513;1,7106;1,92043;2,21508;2,48863;2,84735;2,86566;3,2749;3,74228;3,9672;4,76727;5,65916;6,82297;8,42637;10,567;16,145;26,605;2,82;-3,58599;2,09;9,573;-12,852;-10,793;-26,201;-8,07899;20,16;14,27;-12,2242;-100,584;-65,392;-28,243;75,257;66,126;-108,134;-16,493;398,854;144,001;10,435;36,4306
ggexp;general government expenditure;;;;5,09669;5,49363;6,0591;5,9183;6,64426;7,66371;8,61014;9,85124;9,91457;11,3304;12,9475;13,7257;16,4937;19,5795;23,606;29,1534;36,5595;45,438;55,106;74,752;88,097;96,986;99,017;105,236;103,748;119,654;124,492;140,04;258,13;329,024;420,684;499,553;629,09;749,9;860,542;882,645;966,988;1179,31;1334,51;1592,75;1802,32
ggrev;general government revenue;;;;6,56982;7,08149;7,8104;7,6289;8,56469;9,87879;11,0988;12,6986;12,7802;14,6053;16,6898;17,6929;21,261;25,2386;30,429;37,5798;47,1265;61,583;81,711;77,572;84,511;99,076;108,59;92,384;92,955;93,453;116,413;160,2;272,4;316,8;320,1;434,161;600,847;825,157;926,668;774,511;950,495;1578,16;1478,51;1603,18;1838,75
tcons;total consumption;;;;;;;;;;15,2755;16,5002;17,4529;18,9768;22,6542;25,9086;35,8701;42,2391;51,5095;64,2142;74,5096;92,6;113,6;126,3;140,9;165,3;185,5;209,3;212,9;279,2;336,3;403,7;547,2;733,086;870,345;1101,36;1455;1740,44;1890,1;2060,36;2214,32;2274,32;2472,29;2654,9;2797,58
gcons;governemtn consumption;;;;11,3398;12,0524;12,9199;12,5791;12,8579;14,3244;-0,711676;-1,79142;-0,95632;-2,06134;-1,38649;0,423001;5,2264;7,22836;8,0357;14,643;17,5254;22,4;26,4;30,7;34,7;39,5;45,8;52,9;58;65,1;70,8;90,1;128,2;184,765;221,2;263,9;340,2;405,4;459,8;503,631;543,604;560,136;624,559;683,2;746,007
nsav;national savings;;;;;;;1,89015;2,87442;3,53269;3,93985;5,91131;6,764;8,10233;9,70162;17,543;16,824;21,7119;24,8864;31,1486;36,9476;49,4513;53,6656;54,0058;62,6062;84,1;92,5344;71,526;76,6935;70,1254;85,8;175,186;314,317;328,846;305,16;374,793;498,28;748,659;822,96;714,919;934,129;1695,32;1684,57;1707,99;2178,14
ncap;national capital formation;;;;3,21188;2,6465;2,89341;2,19198;3,25522;4,77298;6,1567;8,32046;8,60466;11,1242;14,4116;22,1214;28,4786;31,9767;42,0548;54,6117;54,4214;63,5;70,8;77,4;87,8;92,5;96,8;99,3;93,9;98;128,8;160,2;266,8;319,8;336,2;438,601;604,898;680,354;623,871;768,371;932,799;1006,71;1139,29;1362,73;1552,21
ninv;national investment;;;;0,47764;0,295659;0,461856;-0,0276989;0,510887;0,606031;0,360304;0,652471;-0,0722726;0,782485;0,992673;4,21259;3,8654;0,536979;2,35481;3,80391;4,02879;8,6;7,8;5,9;7,5;5;4;-2;1;6,3;13;18,3;51;41,8;12,1;31,0555;63,098;40,9542;-14,2293;39,6169;143;153,855;177,202;260,526;289,45
psav;private savings;;;;;;;;;;;;;;;;;;;;;;;;;;;;;;;111,486;227,617;297,246;293,86;323,013;381,863;499,389;555,193;611,169;763,635;974,542;1183,17;1244,62;1573,54
pcap;private capital formation;;;;;;;;;;;;;;;;;;;;;;;;;;;;;;;114,6;214,8;247,2;234,6;321,429;460,238;506,341;422,23;556,487;745,812;684,783;781,899;909,796;984,047
pcons;private consumption;;;;;;;;;;15,9872;18,2916;18,4092;21,0382;24,0407;25,4856;30,6437;35,0107;43,4738;49,5711;56,9842;70,2;87,2;95,6;106,2;125,8;139,7;156,4;154,9;214,1;265,5;313,6;419;548,321;649,145;837,463;1114,8;1335,04;1430,3;1556,73;1670,71;1714,19;1847,73;1971,7;2051,58
;;;;;;;;;;;;;;;;;;;;;;;;;;;;;;;;;;;;;;;;;;;;;
Fiscal and National Accounts deflated by GDP deflator;;;;;;;;;;;;;;;;;;;;;;;;;;;;;;;;;;;;;;;;;;;;;
cgbal2;central government balance (real) ;;;;34,4133;34,79685;36,00261;32,98865;34,74225;37,59164;39,61916;42,5234;41,70155;45,97583;49,4828;50,08572;55,23671;60,22337;64,77155;72,65991;70,50684;80,4082;115,8104;12,04809;-14,34453;7,818199;34,22351;-45,08113;-35,65812;-76,37061;-20,33171;38,93155;17,50821;-12,2242;-88,94863;-45,83829;-15,25198;32,91075;27,02539;-45,62251;-6,257707;122,5644;43,93449;3,150798;10,10658
cgexp2;central government expenditure (real);;;;119,0629;120,3899;124,5608;114,1335;120,2004;130,0592;137,074;147,1221;144,2785;159,0658;171,2001;173,2863;191,1068;208,3602;224,0955;251,3874;243,9382;226,2984;239,8739;319,3683;352,4021;362,8018;353,9861;369,1377;342,7646;348,7672;313,2986;270,4352;316,7061;329,024;372,0201;350,1752;339,7255;327,9398;351,6996;372,3942;366,8907;362,3918;407,157;480,9231;500
cgrev2;central government revenue (real);;;;153,4764;155,1869;160,5634;147,1221;154,9427;167,6508;176,6936;189,6457;185,9796;205,0416;220,6831;223,3721;246,3438;268,5829;288,8674;324,0476;314,445;306,7066;355,6843;331,4164;338,0575;370,62;388,2096;324,0566;307,1065;272,3966;292,9668;309,3667;334,2143;316,8;283,0714;304,3369;324,4735;360,8506;378,725;326,7717;360,633;484,955;451,0912;484,0724;510,1064
ggbal2;general government balance (real);;;;34,4133;34,79685;36,00261;32,98865;34,74225;37,59164;39,61916;42,5234;41,70155;45,97583;49,4828;50,08572;55,23671;60,22337;64,77155;72,65991;70,50684;80,4082;115,8104;12,04809;-14,34453;7,818199;34,22351;-45,08113;-35,65812;-76,37061;-20,33171;38,93155;17,50821;-12,2242;-88,94863;-45,83829;-15,25198;32,91075;27,02539;-45,62251;-6,257707;122,5644;43,93449;3,150798;10,10658
ggexp2;general government expenditure (real);;;;119,0629;120,3899;124,5608;114,1335;120,2004;130,0592;137,074;147,1221;144,2785;159,0658;171,2001;173,2863;191,1068;208,3602;224,0955;251,3874;243,9382;226,2984;239,8739;319,3683;352,4021;362,8018;353,9861;369,1377;342,7646;348,7672;313,2986;270,4352;316,7061;329,024;372,0201;350,1752;339,7255;327,9398;351,6996;372,3942;366,8907;362,3918;407,157;480,9231;500
ggrev2;general government revenue (real);;;;153,4764;155,1869;160,5634;147,1221;154,9427;167,6508;176,6936;189,6457;185,9796;205,0416;220,6831;223,3721;246,3438;268,5829;288,8674;324,0476;314,445;306,7066;355,6843;331,4164;338,0575;370,62;388,2096;324,0566;307,1065;272,3966;292,9668;309,3667;334,2143;316,8;283,0714;304,3369;324,4735;360,8506;378,725;326,7717;360,633;484,955;451,0912;484,0724;510,1064
tcons2;total consumption in real terms;;;;;;;;;;243,187;246,4202;253,9775;266,4125;299,5482;327,0949;415,6144;449,498;488,9879;553,7139;497,1549;461,1829;494,4957;539,6006;563,6225;618,3484;663,1631;734,1644;703,3831;813,8115;846,3379;779,5965;671,3732;733,086;769,6651;772,0282;785,739;761,1143;772,4752;869,2806;840,1483;698,879;754,292;801,6341;776,1053
gcons2;government consumption (real);;;;264,9071;264,1217;265,6028;242,5859;232,6106;243,0963;-11,32993;-26,75374;-13,91653;-28,93885;-18,33305;5,340369;60,55648;76,92241;76,28419;126,2654;116,9358;111,5604;114,918;131,1618;138,8056;147,7602;163,7352;185,558;191,6215;189,7533;178,1764;173,9947;157,2917;184,765;195,612;184,9879;183,7171;177,286;187,9181;212,4855;206,252;172,125;190,552;206,2889;206,9574
nsav2;national saving (real);;;;;;;36,45124;52,00076;59,95252;62,72268;88,28175;98,43084;113,7474;128,281;221,4796;194,9338;231,0526;236,2506;268,5919;246,5277;246,2861;233,6039;230,7329;250,4348;314,5983;330,8108;250,8927;253,3815;204,4013;215,9257;338,3066;385,6432;328,846;269,8596;262,7213;269,0846;327,3971;336,34;301,6294;354,4235;520,9572;513,9598;515,7192;604,2601
ncap2;national capital formation (real);;;;75,03217;57,99658;59,4817;42,27198;58,88976;81,00121;98,01508;124,2609;125,2164;156,171;190,5593;279,2817;329,9716;340,2881;399,2329;470,9123;363,1192;316,254;308,1892;330,6816;351,2141;346,0208;346,0604;348,3159;310,2286;285,6501;324,1401;309,3667;327,3435;319,8;297,309;307,4493;326,6611;297,5266;254,9732;324,1812;353,9188;309,3533;347,5957;411,4697;430,6144
ninv2;national investment (real);;;;11,15807;6,479203;9,494673;-0,5341689;9,242392;10,28482;5,736064;9,744248;-1,051723;10,98519;13,12575;53,18376;44,78705;5,714397;22,35459;32,80081;26,88154;42,83125;33,95305;25,207;30,0012;18,70382;14,30001;-7,015427;3,303819;18,36322;32,71601;35,33965;62,57315;41,8;10,70029;21,7692;34,07461;17,90974;-5,815449;16,71465;54,25648;47,27832;54,06406;78,66456;80,29929
psav2;private savings (real) ;;;;;;;;;;;;;;;;;;;;;;;;;;;;;;;215,2938;279,2689;297,246;259,8668;226,4247;206,2163;218,3885;226,9048;257,8565;289,7353;299,4684;360,9834;375,8069;436,5318
pcap2;private capital formation (real);;;;;;;;;;;;;;;;;;;;;;;;;;;;;;;221,3073;263,5434;247,2;207,4619;225,3144;248,5409;221,4287;172,5635;234,7858;282,973;210,4279;238,5562;274,7085;272,9945
pcons2;private consumption (real);;;;;;;;;;254,5173;273,1737;267,8937;295,3522;317,8814;321,7545;355,0579;372,5752;412,7037;427,4476;380,2191;349,6225;379,5777;408,4388;424,817;470,5883;499,428;548,6064;511,7616;624,0582;668,1615;605,6018;514,0814;548,321;574,0531;587,0424;602,0219;583,8282;584,5571;656,7955;633,894;526,7558;563,7396;595,3452;569,1498
;;;;;;;;;;;;;;;;;;;;;;;;;;;;;;;;;;;;;;;;;;;;;
Hodrick-Prescott Filtered Trend Series;;;;;;;;;;;;;;;;;;;;;;;;;;;;;;;;;;;;;;;;;;;;;
H_rgdp;HP filtered trend of real gdp;;;370,2815;390,3179;410,03;429,5902;449,5199;470,6475;493,5244;518,4371;545,5438;574,8835;606,4769;639,9278;674,6534;709,9986;744,9655;778,5184;809,8726;838,7391;865,774;891,8011;917,0796;941,2863;963,7971;983,923;1001,209;1015,787;1028,177;1039,076;1049,033;1058,826;1069,449;1081,888;1097,178;1116,059;1138,724;1165,034;1194,699;1227,145;1261,79;1298,106;1335,544;1373,493
H_tflow;HP filtered trend of total net flows;;;;;;;-0,1886728;-0,0442642;0,102621;0,2559124;0,4186029;0,5919665;0,773811;0,9563056;1,125846;1,270651;1,372826;1,414459;1,382082;1,269379;1,094096;0,8884426;0,6857998;0,5133008;0,3821775;0,2948012;0,2452625;0,2248196;0,229687;0,249538;0,2788665;0,3229031;0,3805894;0,434538;0,461456;0,4307046;0,3368307;0,1893934;0,0052074;-0,1907201;-0,3763338;-0,5430113;-0,6943135;-0,8378995
H_cabal;HP filtered trend of current account balance;;;;;;;0,2160248;0,100755;-0,0161269;-0,1362481;-0,26142;-0,394165;-0,5356454;-0,6826583;-0,8279101;-0,961753;-1,064502;-1,123467;-1,124174;-1,064145;-0,9650429;-0,8541999;-0,7468802;-0,6519002;-0,5749652;-0,5161132;-0,4688903;-0,4115358;-0,3398956;-0,2442877;-0,1306312;-0,0127325;0,1104087;0,2638197;0,4843237;0,814106;1,272308;1,847563;2,528253;3,318789;4,189196;5,076513;5,967316;6,868033
H_finbal;HP filtered trend of financial account balance;;;;;;;-0,234143;-0,1118921;0,0124018;0,1412268;0,2765399;0,4205474;0,574114;0,7326723;0,8880143;1,029719;1,138211;1,199567;1,200285;1,13698;1,029178;0,9054062;0,7848772;0,6811637;0,6036764;0,5567074;0,5382129;0,5272473;0,5164821;0,4892235;0,4386901;0,3670303;0,2694055;0,119207;-0,1139684;-0,4647155;-0,9476897;-1,54858;-2,253974;-3,069075;-3,967444;-4,883254;-5,802131;-6,730887
H_fdinet;HP filtered trend of net fdi;;;;;;;0,010193;0,0207646;0,0313142;0,0420823;0,0536362;0,0665323;0,0812407;0,0960518;0,108617;0,1161282;0,1182748;0,1144348;0,1046394;0,0895042;0,0699476;0,0460941;0,0205766;-0,004447;-0,0276776;-0,0478972;-0,0637512;-0,0742775;-0,0785163;-0,0758559;-0,0653797;-0,0457421;-0,0153441;0,027071;0,0832132;0,1545218;0,2416041;0,3435219;0,4599212;0,5896128;0,7318081;0,8844225;1,042253;1,203053
H_onet;HP filtered trend of other investment net;;;;;;;-0,1993426;-0,0654642;0,0709176;0,2134909;0,3646744;0,5251821;0,6923512;0,8600622;1,017064;1,154387;1,254458;1,299983;1,277459;1,179955;1,024295;0,8425545;0,6654683;0,5179983;0,4100891;0,3429031;0,3091835;0,2992309;0,3083034;0,3254646;0,3442925;0,3686721;0,3959459;0,4074692;0,3782382;0,2761742;0,0952162;-0,1541393;-0,454724;-0,7803418;-1,108149;-1,427439;-1,73657;-2,040955
H_pnet;HP filtered trend of portfolio investment ;;;;;;;0,0004768;0,0004355;0,0003894;0,0003394;0,0002925;0,0002522;0,0002194;0,000192;0,0001661;0,0001356;0,000093;0,0000413;-0,0000171;-0,0000805;-0,0001468;-0,0002056;-0,0002448;-0,0002502;-0,0002337;-0,0002045;-0,0001695;-0,0001336;-0,0001;-0,0000706;-0,0000461;-0,0000268;-0,0000123;-2,01E-06;4,76E-06;8,75E-06;0,0000106;0,000011;0,0000104;9,07E-06;7,42E-06;5,58E-06;3,68E-06;1,75E-06
H_trade;HP filtered trend of trade balance;-0,4873073;-0,3856597;-0,2898368;-0,2064939;-0,1410452;-0,0944775;-0,0646035;-0,0473126;-0,036778;-0,0251499;-0,0031805;0,0380893;0,1069707;0,2095985;0,3502456;0,5291813;0,7559447;1,025277;1,329635;1,649337;1,941872;2,165029;2,29773;2,337538;2,295246;2,190524;2,055605;1,937166;1,856639;1,833659;1,870518;1,952141;2,075847;2,266134;2,558843;2,991352;3,572851;4,284198;5,111824;6,056216;7,081845;8,126218;9,179104;10,24513
H_resrv;HP filtered trend of foreign reserves;0,2072902;0,2020036;0,2003331;0,205476;0,2204831;0,2487224;0,2933061;0,3567012;0,4411722;0,5498374;0,68632;0,8528394;1,048145;1,267522;1,500706;1,736188;1,96434;2,171698;2,345028;2,468552;2,525369;2,503054;2,404144;2,245376;2,04582;1,822943;1,590309;1,373589;1,201544;1,108374;1,127896;1,29388;1,638626;2,199146;3,013326;4,11449;5,535419;7,290709;9,384758;11,83216;14,62488;17,68448;20,90907;24,20319
H_cpi;HP filtered trend of cpi;;;;3,515429;3,771339;4,028051;4,286982;4,550127;4,820167;5,100713;5,396666;5,714683;6,063697;6,453216;6,89194;7,387562;7,945389;8,569343;9,262825;10,03202;10,89417;11,88172;13,04493;14,46043;16,22923;18,47469;21,3353;24,96084;29,51112;35,13291;41,92839;49,92198;59,01772;68,99676;79,54568;90,25832;100,7035;110,5474;119,6362;127,9654;135,6506;142,879;149,8363;156,6913
H_tot;HP filtred trend of terms of trade;;;;;;;37,77689;46,08253;54,63478;63,84346;74,17555;86,03364;99,62647;114,9471;131,6348;148,9005;166,1665;182,8518;198,3996;212,2581;223,5398;231,1463;234,374;232,8094;226,6715;216,5346;203,4551;189,1958;175,0918;162,0198;150,2909;139,9402;131,0443;123,7598;118,2641;114,7013;113,0299;113,0619;114,5921;117,5356;121,5421;126,0406;130,7662;135,6062
H_cgbal2;HP filtered trend of real central gov balance;;;;30,7743;32,50833;34,27875;36,14483;38,18309;40,43848;42,92155;45,61437;48,46598;51,39455;54,25055;56,83029;58,88242;60,08813;60,09212;58,54051;55,12614;49,68311;42,19928;32,96979;23,02587;13,18954;3,909129;-4,420769;-11,1024;-15,84462;-18,60185;-19,93375;-20,4173;-20,04081;-18,41335;-15,06581;-10,23444;-4,46323;1,653685;7,895892;14,2967;20,35422;25,36105;29,63185;33,66705
H_cgexp2;HP filtered trend of real central gov expenditure;;;;109,2266;113,148;117,1678;121,4568;126,2596;131,7478;138,0322;145,2067;153,356;162,5834;172,9019;184,289;196,7053;210,0015;223,9721;238,3952;253,0503;267,8468;282,6028;296,7211;309,1771;319,1728;326,3422;330,7558;332,7606;333,0872;332,5664;332,1858;332,7402;334,407;337,2031;341,0919;346,3846;353,4836;362,7242;374,1869;387,8414;403,6397;421,3244;440,2254;459,5312
H_cgrev2;HP filtered trend of real central gov revenue;;;;140,001;145,6565;151,4467;157,6017;164,4428;172,1863;180,9538;190,8212;201,822;213,978;227,1525;241,1193;255,5878;270,0897;284,0642;296,9357;308,1765;317,5299;324,8021;329,6909;332,203;332,3623;330,2513;326,3351;321,6582;317,2426;313,9646;312,2521;312,3229;314,3662;318,7898;326,0261;336,1501;349,0202;364,3778;382,0825;402,1377;423,9935;446,6849;469,8567;493,1975
H_ggbal2;HP filtered trend of real general gov balance;;;;30,7743;32,50833;34,27875;36,14483;38,18309;40,43848;42,92155;45,61437;48,46598;51,39455;54,25055;56,83029;58,88242;60,08813;60,09212;58,54051;55,12614;49,68311;42,19928;32,96979;23,02587;13,18954;3,909129;-4,420769;-11,1024;-15,84462;-18,60185;-19,93375;-20,4173;-20,04081;-18,41335;-15,06581;-10,23444;-4,46323;1,653685;7,895892;14,2967;20,35422;25,36105;29,63185;33,66705
H_ggexp2;HP filtered trend of real general gov expenditure;;;;109,2266;113,148;117,1678;121,4568;126,2596;131,7478;138,0322;145,2067;153,356;162,5834;172,9019;184,289;196,7053;210,0015;223,9721;238,3952;253,0503;267,8468;282,6028;296,7211;309,1771;319,1728;326,3422;330,7558;332,7606;333,0872;332,5664;332,1858;332,7402;334,407;337,2031;341,0919;346,3846;353,4836;362,7242;374,1869;387,8414;403,6397;421,3244;440,2254;459,5312
H_ggrev2;HP filtered trend of real general gov revenue;;;;140,001;145,6565;151,4467;157,6017;164,4428;172,1863;180,9538;190,8212;201,822;213,978;227,1525;241,1193;255,5878;270,0897;284,0642;296,9357;308,1765;317,5299;324,8021;329,6909;332,203;332,3623;330,2513;326,3351;321,6582;317,2426;313,9646;312,2521;312,3229;314,3662;318,7898;326,0261;336,1501;349,0202;364,3778;382,0825;402,1377;423,9935;446,6849;469,8567;493,1975
H_tcons2;HP filtered trend of real total consumption;;;;;;;;;;214,9588;242,7701;270,8637;299,5583;329,004;359,0191;389,1275;418,534;446,708;473,4287;498,8981;524,121;550,0848;577,1475;605,1113;633,4026;661,0335;686,8649;709,7796;729,1329;744,2164;755,1684;763,1486;769,5606;774,8906;779,2599;782,7377;785,3206;787,0353;787,6667;786,8537;785,0518;783,2489;781,5716;779,8569
H_gcons2;HP filtered trend of real gov consumption;;;;288,7691;256,5859;224,164;191,3403;158,3658;126,0042;95,76132;70,3143;51,26911;39,26111;34,27381;35,6087;42,04122;52,04411;64,27528;77,6414;91,16927;104,3719;117,0199;128,9559;140,0015;150,0002;158,7837;166,1612;171,9915;176,3274;179,4177;181,646;183,3829;184,9229;186,2994;187,5443;188,7825;190,1136;191,5863;193,1211;194,6019;196,106;197,8274;199,7204;201,6662
H_nsav2;HP filtered trend of real national savings;;;;;;;26,36656;44,16523;62,06475;80,24432;98,86201;117,9007;137,2374;156,5546;175,2996;192,6373;208,194;221,6194;232,7915;241,7347;248,8313;254,5118;259,1809;263,0345;265,9839;267,8143;268,7974;269,8344;271,6477;274,7952;279,1624;284,0458;289,3336;295,93;305,1341;317,9845;335,0955;356,5927;382,5243;412,7363;446,2657;481,5661;517,8384;554,6073
H_ncap2;HP filtered trend of real national capital formation;;;;26,97478;39,60324;52,71228;66,96639;83,09779;101,5917;122,6914;146,434;172,6102;200,7886;230,0641;259,0854;286,1062;309,5818;328,4068;341,7822;349,6177;353,1141;353,6073;352,0646;348,999;344,7099;339,5186;333,7597;327,8331;322,2842;317,4827;313,4315;310,2004;307,8184;306,486;306,5235;308,1594;311,6314;317,3625;325,6342;336,1045;348,4167;362,3922;377,462;392,9088
H_ninv2;HP filtered trend of real national inventories;;;;5,081185;5,672056;6,323696;7,104945;8,116353;9,382079;10,93754;12,82719;15,04345;17,54794;20,14129;22,55853;24,46453;25,83042;26,83053;27,43806;27,58142;27,24267;26,39686;25,17494;23,78341;22,42909;21,38098;20,87082;21,05957;21,82928;22,88449;23,89504;24,62912;24,96933;25,17774;25,68472;26,77585;28,69757;31,76931;36,20261;41,83318;48,30182;55,37358;62,80329;70,33267
H_psav2;HP filtered trend of real private savings;;;;;;;;;;;;;;;;;;;;;;;;;;;;;;;233,6861;235,8598;237,8496;239,9057;242,8721;247,7926;255,5465;266,5973;281,0369;298,5603;318,6307;340,6231;363,7208;387,3107
H_pcap2;HP filtered trend of real private capital formation;;;;;;;;;;;;;;;;;;;;;;;;;;;;;;;232,6479;231,6002;230,4391;229,3706;228,7683;228,7868;229,5462;231,3639;234,4763;238,5318;243,1819;248,5225;254,3218;260,2486
H_pcons2;HP filtered trend of real private consumption;;;;;;;;;;254,3549;269,3058;284,2583;299,2527;314,1657;328,8349;343,1352;356,8705;369,9641;382,4963;394,9747;408,3565;423,4513;440,4815;459,2306;479,1617;499,3937;518,9601;536,8943;552,5264;564,9352;573,9147;580,2912;585,2079;589,1459;592,2174;594,3837;595,5544;595,7153;594,7352;592,3711;589,0006;585,4168;581,79;578,074
;;;;;;;;;;;;;;;;;;;;;;;;;;;;;;;;;;;;;;;;;;;;;
Hodrick-Prescott Filtered Cyclical Component Series;;;;;;;;;;;;;;;;;;;;;;;;;;;;;;;;;;;;;;;;;;;;;
C_rgdp;HP filtered cyclical comp of real gdp;;;-32,43347;49,68314;34,87604;30,7298;-27,73489;-26,44254;-12,88635;-11,87512;-1,847839;-41,69751;-18,64093;-7,250793;-34,26947;-3,754578;25,03656;49,6366;94,47345;16,77191;-56,46106;-58,20813;-30,1366;-6,448303;23,39093;58,54694;39,18066;17,31342;-14,70703;23,04358;21,58704;-1,055542;5,250732;-29,78796;-54,54834;-33,30945;-14,83447;-28,7738;-0,4991455;5,275269;-2,259888;-5,826416;9,716309;51,17737
C_tflow;HP filtered cyclical comp of total net flows;;;;;;;0,247671;0,1452622;-0,093623;-0,1719147;-0,3466054;-0,5638853;-0,577301;0,1821743;-0,6111274;-0,001881;0,4443741;0,7153909;2,405948;1,446501;0,1171139;-0,6247606;-1,590161;-0,8860458;-0,8280595;-0,2832653;0,4956495;-0,6541256;0,482068;1,073642;-0,6288666;-1,632903;-0,5905893;-0,7345381;2,518544;1,501215;0,7255693;0,8192565;-0,2952074;-1,34328;-1,218326;-0,4098387;-0,0056865;0,7716103
C_cabal;HP filtered cyclical comp of current acct balance;;;;;;;-0,1612005;-0,0015374;-0,0183898;-0,0711269;0,1360459;0,4364868;0,4090804;0,2354273;1,003682;-0,699397;0,1783023;-1,199593;-2,414036;-0,5670048;1,206867;0,6447369;0,3111412;0,5667014;0,6492115;1,530673;-1,76066;0,5527818;-1,560104;-0,7887123;1,480631;2,402733;1,179591;0,5361804;-2,304324;-3,051026;-0,0247085;1,602437;-3,438253;-3,298789;4,953723;1,985287;-1,634296;0,9914365
C_finbal;HP filtered cyclical comp of financial acct balance;;;;;;;0,2042912;0,0445404;-0,0531538;0,0249712;-0,1341929;-0,5431844;-0,364086;-0,2212843;-0,9153822;0,565011;0,0423785;1,011643;2,290825;0,9006397;-0,9319645;-0,5637243;-0,4162382;-0,5119087;-0,6335582;-1,890167;1,361697;-0,9365532;0,9912779;0,8929565;-0,6986901;-2,17703;-0,3794056;-0,419207;1,993968;2,896636;-0,0899104;-1,86142;3,163974;3,939075;-5,145476;-2,118546;1,669111;-0,9879127
C_fdinet;HP filtered cyclical comp of net fdi;;;;;;;-0,002193;0,0262354;0,0326858;-0,0010823;-0,0086362;-0,2179823;-0,0638693;-0,0459823;0,24977;-0,0311377;0,0652942;0,0584712;0,0302606;-0,0793829;0,2508344;-0,0474843;-0,0859048;-0,0080822;0,013631;-0,0392184;-0,00026;-0,0348015;0,0305163;0,0428559;0,0253797;-0,0342579;0,0453441;-0,027071;-0,0832132;-0,1545218;0,058396;-0,0835219;0,0400788;-0,1296128;-0,3118081;0,2955775;-0,0722532;0,2969465
C_onet;HP filtered cyclical comp of other investment net;;;;;;;0,2503408;0,1184625;-0,1269196;-0,1704932;-0,337677;-0,3456511;-0,5132121;0,2283478;-0,8607306;0,0281825;0,3791716;0,656957;2,375671;1,525025;-0,1338645;-0,5774825;-1,50167;-0,8782133;-0,8419241;-0,2442516;0,4957405;-0,6194578;0,4514516;1,030715;-0,6542925;-1,598672;-0,6359459;-0,7074692;2,601762;1,655746;0,6671838;0,9027913;-0,335276;-1,213658;-0,9065107;-0,7054106;0,0665705;0,474665
C_pnet;HP filtered cyclical comp of portfolio investment net;;;;;;;-0,0004768;0,0005645;0,0006106;-0,0003394;-0,0002925;-0,0002522;-0,0002194;-0,000192;-0,0001661;0,0010785;-0,000093;-0,0000413;0,0000171;0,0008591;0,0001468;0,0002056;-0,0025861;0,0002502;0,0002337;0,0002045;0,0001695;0,0001336;0,0001;0,0000706;0,0000461;0,0000268;0,0000123;2,01E-06;-4,76E-06;-8,75E-06;-0,0000106;-0,000011;-0,0000104;-9,07E-06;-7,42E-06;-5,58E-06;-3,68E-06;-1,75E-06
C_trade;HP filtered cyclical comp of trade balance;-0,3242957;-0,2121623;0,1241318;0,4427329;0,3174082;0,1923344;0,1716076;0,2023156;0,139782;-0,0288453;-0,0648142;-0,2176183;-0,186221;-0,4003285;0,9269744;-1,479835;-0,2283017;-1,21407;-2,282729;0,0297929;2,113658;1,863681;1,32322;0,887722;1,256174;1,444626;-2,524924;-0,1792065;-1,734611;-1,736631;1,239482;2,717859;1,134153;0,1538658;-2,818841;-2,83314;0,5571492;1,405802;-3,601824;-2,696216;5,226056;1,485582;-1,776084;1,313673
C_resrv;HP filtered cyclical comp of foreign reserves;0,0584098;0,1096964;-0,0146331;0,031724;-0,0255831;-0,0645224;-0,0202561;0,0853988;0,0504778;-0,1403874;-0,34702;-0,3463084;-0,5551307;-0,1243118;0,1880443;-0,3836778;0,0230899;-0,2543181;-0,1124976;0,4476178;1,496471;1,419736;0,2333965;-0,1604156;-0,3901303;1,210637;0,3088909;0,5440706;-0,0384041;-0,0045941;-0,1472238;0,4715098;0,0870943;-0,4560161;-0,0541959;-1,81886;-1,019439;1,019671;-2,264088;-7,038314;-2,34638;0,6425209;2,59413;6,952515
C_cpi;HP filtered cyclical comp of cpi;;;;0,0801613;0,0615609;0,0578189;0,0685577;0,0928831;0,1292729;0,1753974;0,2276645;0,0573773;-0,0805874;-0,1007857;-0,2387695;-0,1381922;-0,0523286;0,2786875;1,104675;1,522677;1,777631;2,641376;2,435772;2,233172;1,517765;1,123615;1,007998;-1,308838;-4,454723;-7,778307;-12,03759;-12,28948;-9,455723;-9,274559;-2,504074;9,741676;17,9965;14,91859;12,04076;7,135612;-0,1445923;-1,681992;-6,662308;-10,22435
C_tot;HP filtered cyclical comp of terms of trade;;;;;;;24,66031;16,32307;5,714722;-6,440758;-19,38175;-21,56804;-35,38657;-42,82443;21,13817;-0,342514;2,424469;0,518158;-33,59357;-21,08208;39,48421;29,00372;63,26003;35,50262;48,25745;70,58842;-42,72511;-45,86975;-56,55078;-27,60681;4,175079;7,955811;2,136658;-3,390762;-18,50404;-14,70128;-1,668938;11,99115;-26,5285;-22,06623;30,60087;15,24336;-0,1951599;11,44882
C_cgbal2;HP filtered cyclical comp of real cent gov balance;;;;3,639;2,288521;1,723858;-3,156181;-3,440842;-2,84684;-3,302391;-3,090969;-6,764431;-5,418713;-4,76775;-6,744568;-3,645718;0,1352463;4,67942;14,1194;15,38069;30,72508;73,61108;-20,9217;-37,3704;-5,371344;30,31438;-40,66037;-24,55572;-60,52598;-1,729866;58,8653;37,92551;7,816606;-70,53529;-30,77249;-5,017532;37,37398;25,37171;-53,5184;-20,5544;102,2102;18,57344;-26,48105;-23,56046
C_cgexp2;HP filtered cyclical comp of real cent gov expenditure ;;;;9,836334;7,241829;7,393005;-7,323326;-6,059174;-1,688614;-0,9581451;1,915405;-9,07753;-3,517624;-1,701843;-11,00266;-5,598557;-1,641327;0,1234741;12,99223;-9,112167;-41,54842;-42,72891;22,64722;43,22498;43,62906;27,64395;38,38193;10,00406;15,67996;-19,26788;-61,75061;-16,03412;-5,382965;34,81693;9,083313;-6,65918;-25,54373;-11,02469;-1,792694;-20,95071;-41,24786;-14,16739;40,69766;40,46884
C_cgrev2;HP filtered cyclical comp of real cent gov revenue;;;;13,47542;9,530441;9,116745;-10,47961;-9,500107;-4,535522;-4,260117;-1,175476;-15,84244;-8,936371;-6,46936;-17,74725;-9,243973;-1,506775;4,803162;27,11185;6,268494;-10,82336;30,88217;1,725525;5,854523;38,25772;57,95831;-2,278473;-14,5517;-44,84607;-20,99783;-2,885376;21,89133;2,433807;-35,71835;-21,68915;-11,67667;11,83032;14,3472;-55,31082;-41,50476;60,96152;4,406281;14,21576;16,90894
C_ggbal2;HP filtered cyclical comp of real gen gov balance;;;;3,639;2,288521;1,723858;-3,156181;-3,440842;-2,84684;-3,302391;-3,090969;-6,764431;-5,418713;-4,76775;-6,744568;-3,645718;0,1352463;4,67942;14,1194;15,38069;30,72508;73,61108;-20,9217;-37,3704;-5,371344;30,31438;-40,66037;-24,55572;-60,52598;-1,729866;58,8653;37,92551;7,816606;-70,53529;-30,77249;-5,017532;37,37398;25,37171;-53,5184;-20,5544;102,2102;18,57344;-26,48105;-23,56046
C_ggexp2;HP filtered cyclical comp of real gen gov expenditure;;;;9,836334;7,241829;7,393005;-7,323326;-6,059174;-1,688614;-0,9581451;1,915405;-9,07753;-3,517624;-1,701843;-11,00266;-5,598557;-1,641327;0,1234741;12,99223;-9,112167;-41,54842;-42,72891;22,64722;43,22498;43,62906;27,64395;38,38193;10,00406;15,67996;-19,26788;-61,75061;-16,03412;-5,382965;34,81693;9,083313;-6,65918;-25,54373;-11,02469;-1,792694;-20,95071;-41,24786;-14,16739;40,69766;40,46884
C_ggrev2;HP filtered cyclical comp of real gov revenue;;;;13,47542;9,530441;9,116745;-10,47961;-9,500107;-4,535522;-4,260117;-1,175476;-15,84244;-8,936371;-6,46936;-17,74725;-9,243973;-1,506775;4,803162;27,11185;6,268494;-10,82336;30,88217;1,725525;5,854523;38,25772;57,95831;-2,278473;-14,5517;-44,84607;-20,99783;-2,885376;21,89133;2,433807;-35,71835;-21,68915;-11,67667;11,83032;14,3472;-55,31082;-41,50476;60,96152;4,406281;14,21576;16,90894
C_tcons2;HP filtered cyclical comp of real total consumption;;;;;;;;;;28,22821;3,650116;-16,88625;-33,14587;-29,45581;-31,92419;26,48685;30,96402;42,27991;80,28522;-1,743225;-62,93811;-55,58917;-37,54688;-41,48877;-15,0542;2,129639;47,2995;-6,396484;84,67859;102,1215;24,4281;-91,77539;-36,47461;-5,225525;-7,23175;3,001343;-24,2063;-14,56012;81,61389;53,29462;-86,17273;-28,95691;20,0625;-3,751587
C_gcons2;HP filtered cyclical comp of real gov consumption;;;;-23,86203;7,535767;41,43871;51,24562;74,24478;117,0921;-107,0913;-97,06805;-65,18563;-68,19996;-52,60686;-30,26833;18,51527;24,8783;12,00891;48,62401;25,76653;7,188568;-2,101906;2,205902;-1,195953;-2,23999;4,951447;19,39682;19,62999;13,42595;-1,241333;-7,651291;-26,09114;-0,1578674;9,312622;-2,556396;-5,06543;-12,82759;-3,668198;19,36438;11,65018;-23,98099;-7,275391;6,568542;5,291183
C_nsav2;HP filtered cyclical comp of real national savings;;;;;;;10,08468;7,835529;-2,112228;-17,52163;-10,58026;-19,46986;-23,49003;-28,27362;46,17996;2,29657;22,85861;14,63116;35,80035;4,79303;-2,545197;-20,90784;-28,44804;-12,5997;48,61444;62,99649;-17,90465;-16,4529;-67,24635;-58,86957;59,14426;101,5974;39,51236;-26,07034;-42,41278;-48,8999;-7,698395;-20,25272;-80,89487;-58,31284;74,69156;32,39368;-2,119202;49,65277
C_ncap2;HP filtered cyclical comp of real nat capital form.;;;;48,05739;18,39334;6,769424;-24,69441;-24,20802;-20,59051;-24,67629;-22,17312;-47,39374;-44,6176;-39,50481;20,19626;43,86548;30,70624;70,82614;129,1301;13,50153;-36,86011;-45,41809;-21,38297;2,215027;1,310852;6,541748;14,55627;-17,60443;-36,63409;6,65744;-4,064789;17,14307;11,98157;-9,177002;0,9257507;18,50174;-14,10486;-62,38925;-1,453033;17,81433;-39,06335;-14,79657;34,00766;37,70566
C_ninv2;HP filtered cyclical comp of real nat inventories;;;;6,076881;0,8071475;3,170977;-7,639113;1,126039;0,9027414;-5,201478;-3,082941;-16,09518;-6,562745;-7,015535;30,62523;20,32251;-20,11602;-4,475946;5,362755;-0,6998787;15,58858;7,556185;0,032053;6,217787;-3,725266;-7,080965;-27,88625;-17,75575;-3,466061;9,831518;11,4446;37,94404;16,83067;-14,47745;-3,915522;7,298763;-10,78783;-37,58476;-19,48796;12,42331;-1,023499;-1,309517;15,86127;9,966614
C_psav2;HP filtered cyclical comp of real private savings;;;;;;;;;;;;;;;;;;;;;;;;;;;;;;;-18,39238;43,40904;59,39636;19,96114;-16,44734;-41,57632;-37,15796;-39,69243;-23,18033;-8,825012;-19,16235;20,36029;12,08615;49,22116
C_pcap2;HP filtered cyclical comp of real private capital form.;;;;;;;;;;;;;;;;;;;;;;;;;;;;;;;-11,34065;31,94318;16,76091;-21,90865;-3,453903;19,75404;-8,117462;-58,8004;0,3095398;44,44113;-32,754;-9,966278;20,38664;12,74591
C_pcons2;HP filtered cyclical comp of real private consumption;;;;;;;;;;0,1623688;3,867889;-16,36459;-3,900543;3,715668;-7,080383;11,9227;15,70462;42,73959;44,95129;-14,75558;-58,73404;-43,87366;-32,04272;-34,4136;-8,573395;0,0342407;29,6463;-25,13269;71,53174;103,2263;31,68713;-66,20978;-36,8869;-15,09277;-5,174988;7,638184;-11,72614;-11,15826;62,0603;41,52289;-62,24481;-21,67719;13,55518;-8,924255
;;;;;;;;;;;;;;;;;;;;;;;;;;;;;;;;;;;;;;;;;;;;;
Fiscal Variables (billions nc)/IMF, Government Finance Statistics;;;;;;;;;;;;;;;;;;;;;;;;;;;;;;;;;;;;;;;;;;;;;
cg1exp;cent gov budg acct: current expenditure;;;;;;;;;;;;;;;;;;;;;;;;;;;;;;;;;;;345;444;551;644;664;775;856;964;;
cgint;cent gov budg acct: expenditure on interest payments;;;;;;;;;;;;;;;;;;;;;;;;;;;;;;;;;;;41,1;62,2;89;109;111;126;162;148;;
cggs;cent gov budg acct: expend. on goods & services;;;;;;;;;;;;;;;;;;;;;;;;;;;;;;;;;;;170;217;257;289;316;340;344;370;;
cgws;cent gov budg acct: expend on wages & salaries;;;;;;;;;;;;;;;;;;;;;;;;;;;;;;;;;;;122;151;179;197;217;230;232;259;;
cgexpin;cent gov budg acct:current expenditure minus interest payments;;;;;;;;;;;;;;;;;;;;;;;;;;;;;;;;;;;304;382;462;534;553;648;694;816;;
coexp;consolidated gov: current expenditures;;;;;;;;;;;;;;;;;;;;;;;;;;;;;;;;;;;;;;;;;;;;
coint;consolidated gov: expend. on interest payments;;;;;;;;;;;;;;;;;;;;;;;;;;;;;;;;;;;;;;;;;;;;
cogs;consolidated gov: expend goods & services;;;;;;;;;;;;;;;;;;;;;;;;;;;;;;;;;;;;;;;;;;;;
cows;consolidated gov: expend. On wages & salaries;;;;;;;;;;;;;;;;;;;;;;;;;;;;;;;;;;;;;;;;;;;;
coexpin;consolidated gov: current expenditure minus interest payments;;;;;;;;;;;;;;;;;;;;;;;;;;;;;;;;;;;;;;;;;;;;
;;;;;;;;;;;;;;;;;;;;;;;;;;;;;;;;;;;;;;;;;;;;;
Fiscal Variables as a % of GDP;;;;;;;;;;;;;;;;;;;;;;;;;;;;;;;;;;;;;;;;;;;;;
cbal1;cent gov balance as % of gdp;;;;7,821184;7,821189;7,821201;7,821209;7,821219;7,821196;7,821183;7,821186;7,821188;7,821198;7,821184;7,821196;7,821197;7,821198;7,821197;8,034526;8,241497;9,935385;13,89295;1,358381;-1,534442;0,7919666;3,282922;-4,333108;-3,451551;-7,535519;-1,914258;3,636364;1,655199;-1,137452;-8,454427;-4,396396;-1,408635;2,928288;2,378462;-3,820328;-0,5077581;9,730947;3,399762;0,2342144;0,7093986
cexp1;cent gov expenditure as % of gdp;;;;27,05968;27,05968;27,05958;27,05966;27,05968;27,05969;27,05966;27,05968;27,05964;27,05955;27,05965;27,05974;27,05961;27,05969;27,05965;27,79771;28,51377;27,96185;28,77598;36,00771;37,69662;36,75104;33,95645;35,48078;33,17812;34,413;29,49747;25,25974;29,94089;30,61543;35,35992;33,58565;31,37622;29,17899;30,95252;31,18347;29,76996;28,77194;31,50684;35,7494;35,09586
crev1;cent gov revenue as % of gdp;;;;34,88091;34,88092;34,88078;34,88087;34,88089;34,88089;34,88094;34,88089;34,88074;34,88074;34,88087;34,88093;34,88086;34,88081;34,88088;35,83226;36,75527;37,89723;42,66893;37,36609;36,16217;37,54301;37,23937;31,14767;29,72657;26,87748;27,58321;28,8961;31,59609;29,47799;26,90549;29,18926;29,96758;32,10728;33,33099;27,36314;29,26221;38,50279;34,90658;35,9835;35,80525
gbal1;general gov balance as % of gdp;;;;;;;;;;;;;;;;;;;;;;;;;;;;;;;;;;;;;;;;;;;;
grev1;general gov revenue as % of gdp;;;;;;;;;;;;;;;;;;;;;;;;;;;;;;;;;;;;;;;;;;;;
gexp1;general gov expenditure as % of gdp;;;;;;;;;;;;;;;;;;;;;;;;;;;;;;;;;;;;;;;;;;;;
gpribal1;general gov primary balance as % of gdp;;;;;;;;;;;;;;;;;;;;;;;;;;;;;;;;;;;;;;;;;;;;
ceexp1;cent gov budg acct: current expenditure as % of gdp;;;;;;;;;;;;;;;;;;;;;;;;;;;;;;;;;;;23,19484;22,14475;21,43969;23,1638;23,45884;23,85937;20,88406;22,75936;;
ceint1;cent gov budg acct: expend on interest as % of gdp;;;;;;;;;;;;;;;;;;;;;;;;;;;;;;;;;;;2,763211;3,10226;3,463035;3,920581;3,921582;3,879071;3,952357;3,494175;;
cegs1;cent gov budg acct: expend on goods & services as % of gdp;;;;;;;;;;;;;;;;;;;;;;;;;;;;;;;;;;;11,42934;10,823;10;10,39494;11,16414;10,46734;8,39266;8,735438;;
cews1;cent gov budg acct: expend wages & salaries as % of gdp;;;;;;;;;;;;;;;;;;;;;;;;;;;;;;;;;;;8,202232;7,531209;6,964981;7,085821;7,666517;7,080845;5,660166;6,114807;;
ceexpint1;cent gov bugd acct:current expend. minus interest as % of gdp;;;;;;;;;;;;;;;;;;;;;;;;;;;;;;;;;;;20,43835;19,05246;17,97665;19,20725;19,53725;19,94951;16,9317;19,26518;;
coexp1;consolidated gov: current expenditure as % of gdp;;;;;;;;;;;;;;;;;;;;;;;;;;;;;;;;;;;;;;;;;;;;
coint1;consolidated gov: interest payments as % of gdp;;;;;;;;;;;;;;;;;;;;;;;;;;;;;;;;;;;;;;;;;;;;
cogs1;consolidated gov: expend goods & services as % gdp;;;;;;;;;;;;;;;;;;;;;;;;;;;;;;;;;;;;;;;;;;;;
cows1;consolidated gov: expend wages & salaries as % of gdp;;;;;;;;;;;;;;;;;;;;;;;;;;;;;;;;;;;;;;;;;;;;
coexpint1;consolidated gov: expenditure minus interest as % of gdp ;;;;;;;;;;;;;;;;;;;;;;;;;;;;;;;;;;;;;;;;;;;;
;;;;;;;;;;;;;;;;;;;;;;;;;;;;;;;;;;;;;;;;;;;;;
Fiscal Variables in Real Terms (deflated by GDP deflator);;;;;;;;;;;;;;;;;;;;;;;;;;;;;;;;;;;;;;;;;;;;;
ceexpr;central gov budg acct: current expenditure (real);;;;;;;;;;;;;;;;;;;;;;;;;;;;;;;;;;;241,8371;239,7719;240,9586;263,1998;280,1463;294,0474;263,0414;294,115;;
ceintr;central gov budg acct: interest payments (real);;;;;;;;;;;;;;;;;;;;;;;;;;;;;;;;;;;28,81016;33,58967;38,92072;44,5478;46,83169;47,80641;49,78121;45,15458;;
cegsr;central gov budg acct: expend goods & services (real);;;;;;;;;;;;;;;;;;;;;;;;;;;;;;;;;;;119,1661;117,1858;112,389;118,113;133,3226;129,0014;105,7082;112,8864;;
cewsr;central gov budg acct: expend wages & salaries (real);;;;;;;;;;;;;;;;;;;;;;;;;;;;;;;;;;;85,51921;81,54404;78,27874;80,51299;91,55384;87,26567;71,2916;79,02052;;
ceexpintr;central gov budg acct: expenditure minus interest (real);;;;;;;;;;;;;;;;;;;;;;;;;;;;;;;;;;;213,097;206,2902;202,0379;218,2433;233,3146;245,8615;213,2602;248,9604;;
coexpr;consolidated gov: current expenditure (real);;;;;;;;;;;;;;;;;;;;;;;;;;;;;;;;;;;;;;;;;;;;
cointr;consolidated gov: interest payments (real);;;;;;;;;;;;;;;;;;;;;;;;;;;;;;;;;;;;;;;;;;;;
cogsr;consolidated gov: expend goods & services (real);;;;;;;;;;;;;;;;;;;;;;;;;;;;;;;;;;;;;;;;;;;;
cowsr;consolidated gov: expend wages & salaries (real);;;;;;;;;;;;;;;;;;;;;;;;;;;;;;;;;;;;;;;;;;;;
coexpintr;consolidated gov: expenditures minus interest (real);;;;;;;;;;;;;;;;;;;;;;;;;;;;;;;;;;;;;;;;;;;;
;;;;;;;;;;;;;;;;;;;;;;;;;;;;;;;;;;;;;;;;;;;;;
Growth Rates of Real Fiscal Variables;;;;;;;;;;;;;;;;;;;;;;;;;;;;;;;;;;;;;;;;;;;;;
cbalr2;central gov balance real growth rate;;;;;1,108371;3,406438;-8,742783;5,1793;7,882532;5,253103;7,074167;-1,951612;9,757753;7,350914;1,211097;9,789167;8,643285;7,280585;11,49234;-3,008015;13,14064;36,4838;-226,3048;;;147,6459;;;;;;-79,91347;;;;;;-19,70224;;;;-102,5937;-263,5044;116,5532
cexpr2;central gov expenditure real growth rate;;;;;1,10833;3,405904;-8,74257;5,179214;7,882867;5,253155;7,074221;-1,9518;9,757286;7,351478;1,211261;9,788692;8,643582;7,28043;11,49229;-3,008052;-7,506038;5,825908;28,62316;9,842772;2,908388;-2,459904;4,191213;-7,412576;1,736054;-10,7248;-14,71241;15,79416;3,815659;12,28171;-6,051406;-3,029586;-3,530762;6,994707;5,717568;-1,48891;-1,233779;11,64728;16,65085;3,890073
crevr2;central gov revenue real growth rate;;;;;1,108335;3,405874;-8,74262;5,179233;7,882797;5,253418;7,074011;-1,952073;9,757627;7,351474;1,211103;9,788937;8,643134;7,280809;11,49227;-3,008114;-2,49177;14,8152;-7,066781;1,984035;9,196127;4,636812;-18,06273;-5,372351;-11,99357;7,280028;5,446812;7,72549;-5,351168;-11,25713;7,243615;6,406835;10,62601;4,834639;-14,75485;9,859897;29,61954;-7,238663;7,056501;5,23849
gbalr2;general gov balance real growth rate;;;;;;;;;;;;;;;;;;;;;;;;;;;;;;;;;;;;;;;;;;;;
grevr2;general gov revenue real growth rate;;;;;;;;;;;;;;;;;;;;;;;;;;;;;;;;;;;;;;;;;;;;
gexpr2;general gov expenditure real growth rate;;;;;;;;;;;;;;;;;;;;;;;;;;;;;;;;;;;;;;;;;;;;
gpribalr2;general gov primary balance real growth rate;;;;;;;;;;;;;;;;;;;;;;;;;;;;;;;;;;;;;;;;;;;;
ceexpr2;cent gov budg acct: current expenditures real growth rate;;;;;;;;;;;;;;;;;;;;;;;;;;;;;;;;;;;;-0,8576371;0,4937044;8,828847;6,239853;4,842877;-11,14293;11,16591;;
ceintr2;cent gov bugd acct: interest payments real growth rate;;;;;;;;;;;;;;;;;;;;;;;;;;;;;;;;;;;;15,34904;14,73081;13,50361;4,999734;2,059962;4,047788;-9,754587;;
cegsr2;cent gov budg acct: expend goods & services real gr rate;;;;;;;;;;;;;;;;;;;;;;;;;;;;;;;;;;;;-1,675761;-4,179449;4,967519;12,11306;-3,29487;-19,91405;6,569951;;
cewsr2;cent gov budg acct: expend wages & salaries real gr rate;;;;;;;;;;;;;;;;;;;;;;;;;;;;;;;;;;;;-4,759774;-4,086725;2,814253;12,85086;-4,797007;-20,21786;10,2929;;
ceexpintr2;cent gov budg acct: expend minus interest real gr rate;;;;;;;;;;;;;;;;;;;;;;;;;;;;;;;;;;;;-3,246358;-2,082893;7,715555;6,67772;5,238057;-14,22553;15,47805;;
coexpr2;consolidated gov: current expenditure real growth rate;;;;;;;;;;;;;;;;;;;;;;;;;;;;;;;;;;;;;;;;;;;;
cointr2;consolidated gov: interest payments real growth rate;;;;;;;;;;;;;;;;;;;;;;;;;;;;;;;;;;;;;;;;;;;;
cogsr2;consolidated gov: expend goods & services real gr rate;;;;;;;;;;;;;;;;;;;;;;;;;;;;;;;;;;;;;;;;;;;;
cowsr2;consolidated gov: expend wages & salaries real gr rate;;;;;;;;;;;;;;;;;;;;;;;;;;;;;;;;;;;;;;;;;;;;
coexpintr2;consolidated gov: expenditure minus intrest real gr rate;;;;;;;;;;;;;;;;;;;;;;;;;;;;;;;;;;;;;;;;;;;;
;;;;;;;;;;;;;;;;;;;;;;;;;;;;;;;;;;;;;;;;;;;;;
Interest Rates/IMF, International Financial Statistics;;;;;;;;;;;;;;;;;;;;;;;;;;;;;;;;;;;;;;;;;;;;;
lend;lending rate;;;;;;;;;;;;;;;;;;;;;;;;;;;;;;;;;;;16;19;19;12,5;11;10;10;9,5;8,5;8
dep;deposit rate;;;;;;;;;;;;;;;;;;;;;3;3;3;3;3;3;4;4;4;8;8;8;8;8;12;16;14,5;9,75;8,5;7,5;7,5;6,25;5,25;5,25
tbil;treasury bill rate;;;;;;;;;;;;;;;;;;;;;3,25;3,25;3,25;3,25;3,25;3,25;3,25;3,25;3,25;3,25;3,25;9,5;9,5;9,5;16,5;;;;9,96;10,05;7,95;5,69;1,8;1,25
disc;discount rate;;;;;;;;;;;;;;;2,75;2,75;2,75;2,75;2,75;2,75;2,75;2,75;2,75;2,75;2,75;2,75;5;5;5;7;10,5;11,5;11,5;11,5;21;14;13;11;9,5;8,5;6;6;5,5;4,5
interb;interbank rate;;;;;;;;;;;;;;;;;;;;;;;;;;;;;;;;;;;19,8;21,05;18,47;11,8;10,4;10,43;6,77;3,35;4,2;3,96
;;;;;;;;;;;;;;;;;;;;;;;;;;;;;;;;;;;;;;;;;;;;;
Real Interest Rates (nominal - cpi inflation);;;;;;;;;;;;;;;;;;;;;;;;;;;;;;;;;;;;;;;;;;;;;
rlend;real lending rate;;;;;;;;;;;;;;;;;;;;;;;;;;;;;;;;;;;-9,459999;-7,08;1,860001;6,96;6,17;7,43;9,7;5,39;7,11;5,73
rdep;real deposit rate;;;;;;;;;;;;;;;;;;;;;-6,23;-10,64;-3,39;-4,54;-3,12;-6,92;-9,11;-1,69;-1,77;-0,7799997;-0,8699999;-15,03;-19,54;-10,65;-13,46;-10,08;-2,639999;4,21;3,67;4,93;7,2;2,14;3,86;2,98
rinterb;real interbank rate;;;;;;;;;;;;;;;;;;;;;;;;;;;;;;;;;;;-5,66;-5,030001;1,33;6,26;5,57;7,860001;6,47;-0,7600002;2,81;1,69
rtbil;real treasury bill rate;;;;;;;;;;;;;;;;;;;;;-5,98;-10,39;-3,14;-4,29;-2,87;-6,67;-9,86;-2,44;-2,52;-5,53;-5,62;-13,53;-18,04;-9,15;-8,959999;;;;5,13;7,48;7,65;1,58;0,41;-1,02
rdisc;real discount rate;;;;;;;;;;;;;;;-1,88;-5,83;-5,76;-8,67;-13,1;-8,09;-6,48;-10,89;-3,64;-4,79;-3,37;-7,17;-8,11;-0,6900001;-0,77;-1,78;1,63;-11,53;-16,04;-7,15;-4,459999;-12,08;-4,139999;5,46;4,67;5,93;5,7;1,89;4,11;2,23
;;;;;;;;;;;;;;;;;;;;;;;;;;;;;;;;;;;;;;;;;;;;;
Nominal and Real Interest Rates in First Differences;;;;;;;;;;;;;;;;;;;;;;;;;;;;;;;;;;;;;;;;;;;;;
lend1;first difference lending rate;;;;;;;;;;;;;;;;;;;;;;;;;;;;;;;;;;;;3;0;-6,5;-1,5;-1;0;-0,5;-1;-0,5
dep1;first difference deposit rate;;;;;;;;;;;;;;;;;;;;;;0;0;0;0;0;1;0;0;4;0;0;0;0;4;4;-1,5;-4,75;-1,25;-1;0;-1,25;-1;0
disc1;first difference discount rate;;;;;;;;;;;;;;;;0;0;0;0;0;0;0;0;0;0;0;2,25;0;0;2;3,5;1;0;0;9,5;-7;-1;-2;-1,5;-1;-2,5;0;-0,5;-1
tbil1;first difference treasury bill rate;;;;;;;;;;;;;;;;;;;;;;0;0;0;0;0;0;0;0;0;0;6,25;0;0;7;;;;;0,0900002;-2,1;-2,26;-3,89;-0,55
interb1;first difference interbank rate;;;;;;;;;;;;;;;;;;;;;;;;;;;;;;;;;;;;1,25;-2,58;-6,669999;-1,400001;0,0300007;-3,66;-3,42;0,8499999;-0,2399998
rlend1;first difference real lending rate;;;;;;;;;;;;;;;;;;;;;;;;;;;;;;;;;;;;2,379999;8,940001;5,099999;-0,79;1,26;2,27;-4,31;1,72;-1,38
rdep1;first difference real deposit rate;;;;;;;;;;;;;;;;;;;;;;-4,410001;7,25;-1,15;1,42;-3,8;-2,19;7,42;-0,0799999;0,9900002;-0,0900002;-14,16;-4,51;8,890001;-2,809999;3,379999;7,440001;6,849999;-0,54;1,26;2,27;-5,06;1,72;-0,8800001
rinterb1;first difference real interbank rate;;;;;;;;;;;;;;;;;;;;;;;;;;;;;;;;;;;;0,6299992;6,360001;4,93;-0,6900005;2,290001;-1,390001;-7,23;3,57;-1,12
rtbil1;first difference real treasury bill rate;;;;;;;;;;;;;;;;;;;;;;-4,410001;7,25;-1,15;1,42;-3,8;-3,19;7,42;-0,0799999;-3,01;-0,0900002;-7,910001;-4,51;8,890001;0,1900005;;;;;2,35;0,1699991;-6,07;-1,17;-1,43
rdisc1;first difference real discount rate;;;;;;;;;;;;;;;;-3,95;0,0699997;-2,91;-4,43;5,01;1,610001;-4,410001;7,25;-1,15;1,42;-3,8;-0,9399996;7,42;-0,0799999;-1,01;3,41;-13,16;-4,51;8,890001;2,690001;-7,620001;7,940001;9,599999;-0,79;1,26;-0,2300005;-3,81;2,22;-1,88
;;;;;;;;;;;;;;;;;;;;;;;;;;;;;;;;;;;;;;;;;;;;;
Monetary Aggregates/IMF, International Financial Statistics;;;;;;;;;;;;;;;;;;;;;;;;;;;;;;;;;;;;;;;;;;;;;
resm;reserve money (mills nc);;;;;2719;2892;2997;3372;3810;4273;4825;5963;7184;9325;10609;13634;18675;21957;28765;35882;43264;48582;50575;60985;69965;78722;91060;102364;111493;124967;137922;160281;196279;250407;237222;255172;305907;356634;403472;449460;550232;777836;976363;1402268
assts;cent bank's domestic assets (mills nc);;;;;2310;1870;1642;1300;1677;2608;3802;5307;6066;5702;6737;8221;11471;14943;22564;25885;31528;32471;43269;51443;66106;64212;89097;100574;121251;141137;164549;208975;241062;303189;306018;431991;435998;396734;400842;474284;338737;144670;133772;141862,8
nm;narrow money (mills nc);;;;;4683;5160;5551;7018;9324;10511;11624;12951;16746;18925;24246;31975;41075;48549;62210;72208;84434;97922;125300;152756;180433;202230;204817;223906;252207;250013;270401;324468;377235;450322;485649;520286;589991;675962;817261;889784;1044016;1237384;;
bm;broad money (mill nc);;;;;4768;5287;5779;7506;10160;11621;13075;13925;18139;20362;25770;33748;43604;51951;67459;79689;93539;109154;137890;165926;194717;223860;227016;257896;292965;308147;343324;414745;529257;649151;733329;800741;915949;1085910;1291455;1468358;1661889;2073564;;
ngdpm;nominal gdp (mills nc);;;11745,5;18835;20301,9;22391,7;21871,3;24554,1;28321,5;31819,1;36405,6;36639,7;41872,1;47848;50723,7;60953,2;72356,7;87236,9;104877;128217;162500;191500;207600;233700;263900;291600;296600;312700;347700;422043;554400;862132;1074700;1189720;1487400;2004990;2570000;2780200;2830490;3248200;4098820;4235620;4455320;5135420
ngdpm2;nominal gdp (mills nc, eu  countries in nc not euro);;;11745,5;18835;20301,9;22391,7;21871,3;24554,1;28321,5;31819,1;36405,6;36639,7;41872,1;47848;50723,7;60953,2;72356,7;87236,9;104877;128217;162500;191500;207600;233700;263900;291600;296600;312700;347700;422043;554400;862132;1074700;1189720;1487400;2004990;2570000;2780200;2830490;3248200;4098820;4235620;4455320;5135420
resgdp;reserve money as % of gdp;;;;;13,39283;12,9155;13,70289;13,73294;13,45268;13,42904;13,25346;16,27469;17,15701;19,4888;20,91527;22,36798;25,80964;25,1694;27,42737;27,98537;26,624;25,36919;24,36175;26,09542;26,51194;26,99657;30,70128;32,73553;32,06586;29,61002;24,87771;18,59124;18,26361;21,04756;15,94877;12,72685;11,903;12,82764;14,25449;13,8372;13,42416;18,36416;21,91454;27,30581
asstgdp;cb domestic assets as % of gdp;;;;;11,37825;8,351308;7,507556;5,294432;5,921297;8,196335;10,44345;14,48429;14,48697;11,9169;13,28176;13,4874;15,8534;17,12922;21,51473;20,18843;19,40185;16,95614;20,84249;22,01241;25,04964;22,02058;30,03945;32,1631;34,8723;33,44138;29,68056;24,23933;22,43063;25,48406;20,57402;21,54579;16,9649;14,26998;14,16158;14,60144;8,264257;3,415557;3,002523;2,762438
bmgdp;broad money as % of gdp;;;;;23,48549;23,61143;26,42276;30,56923;35,87381;36,52209;35,9148;38,00522;43,32001;42,55559;50,80465;55,36707;60,26257;59,55164;64,32201;62,15167;57,56246;56,99948;66,42101;70,99957;73,78439;76,76955;76,53944;82,47394;84,25798;73,01318;61,92713;48,1069;49,24695;54,56334;49,30274;39,9374;35,64004;39,0587;45,62655;45,20528;40,54555;48,95538;;
nmgdp;narrow money as % of gdp;;;;;23,06681;23,04425;25,38029;28,58179;32,92199;33,03362;31,92915;35,3469;39,99322;39,55233;47,80014;52,45828;56,76738;55,65191;59,3171;56,31703;51,95938;51,1342;60,35645;65,36414;68,37173;69,35185;69,05495;71,6041;72,5358;59,23875;48,77363;37,63554;35,10143;37,85109;32,65087;25,94956;22,95685;24,31343;28,87348;27,39314;25,47114;29,21376;;
resm2;reserve money real growth rate;;;;;;6,168414;3,566348;11,78942;12,21231;11,4687;12,14946;21,1763;18,62826;26,08426;12,90037;25,0864;31,46191;16,19003;27,00734;22,10764;18,70851;11,59322;4,020429;18,71705;13,73672;11,79275;14,5596;11,70165;8,542672;11,40879;9,86386;15,02402;20,26086;24,35505;-5,409118;7,294142;18,13433;15,34289;12,3397;10,79398;20,22931;34,61757;22,73187;36,20118
assts2;cb domestic assets real growth rate;;;;;;-21,13091;-13,00234;-23,35507;25,46422;44,15771;37,69436;33,34995;13,36727;-6,188242;16,67977;19,90771;33,31303;26,44209;41,21128;13,73079;19,72124;2,947134;28,70891;17,30379;25,07851;-2,90694;32,75356;12,11681;18,6969;15,18683;15,34773;23,90062;14,28395;22,93022;0,928755;34,47608;0,9232901;-9,437162;1,03013;16,8239;-33,65823;-85,07687;-7,831843;5,872354
nm2;narrow money real growth rate;;;;;;9,699765;7,304151;23,45002;28,41134;11,98306;10,06496;10,81011;25,69864;12,23244;24,77678;27,67027;25,04453;16,71739;24,79422;14,90351;15,64193;14,82011;24,65396;19,8131;16,65176;11,40461;1,271123;8,910942;11,90239;-0,8737262;7,839313;18,22809;15,06814;17,70946;7,552326;6,889252;12,57286;13,60296;18,98216;8,502023;15,98514;16,99247;;
bm2;broad money real growth rate;;;;;;10,33241;8,897968;26,1472;30,27557;13,43554;11,78882;6,298378;26,43785;11,56061;23,55406;26,97101;25,62277;17,51521;26,1219;16,66116;16,02469;15,43813;23,36965;18,50856;16,00053;13,94736;1,399964;12,75359;12,74967;5,05238;10,80977;18,89893;24,38103;20,41912;12,19291;8,794311;13,44231;17,02129;17,33511;12,83753;12,38101;22,1314;;
;;;;;;;;;;;;;;;;;;;;;;;;;;;;;;;;;;;;;;;;;;;;;
Variables Used in Taylor-rule Regressions ;;;;;;;;;;;;;;;;;;;;;;;;;;;;;;;;;;;;;;;;;;;;;
tmean;60-03 mean of treasury bill rate;5,59;5,59;5,59;5,59;5,59;5,59;5,59;5,59;5,59;5,59;5,59;5,59;5,59;5,59;5,59;5,59;5,59;5,59;5,59;5,59;5,59;5,59;5,59;5,59;5,59;5,59;5,59;5,59;5,59;5,59;5,59;5,59;5,59;5,59;5,59;5,59;5,59;5,59;5,59;5,59;5,59;5,59;5,59;5,59
imean;60-03 mean of interbank rate;11,02;11,02;11,02;11,02;11,02;11,02;11,02;11,02;11,02;11,02;11,02;11,02;11,02;11,02;11,02;11,02;11,02;11,02;11,02;11,02;11,02;11,02;11,02;11,02;11,02;11,02;11,02;11,02;11,02;11,02;11,02;11,02;11,02;11,02;11,02;11,02;11,02;11,02;11,02;11,02;11,02;11,02;11,02;11,02
dmean;60-03 mean of discount rate;6,63;6,63;6,63;6,63;6,63;6,63;6,63;6,63;6,63;6,63;6,63;6,63;6,63;6,63;6,63;6,63;6,63;6,63;6,63;6,63;6,63;6,63;6,63;6,63;6,63;6,63;6,63;6,63;6,63;6,63;6,63;6,63;6,63;6,63;6,63;6,63;6,63;6,63;6,63;6,63;6,63;6,63;6,63;6,63
infmean;60-03 mean inflation;9,27;9,27;9,27;9,27;9,27;9,27;9,27;9,27;9,27;9,27;9,27;9,27;9,27;9,27;9,27;9,27;9,27;9,27;9,27;9,27;9,27;9,27;9,27;9,27;9,27;9,27;9,27;9,27;9,27;9,27;9,27;9,27;9,27;9,27;9,27;9,27;9,27;9,27;9,27;9,27;9,27;9,27;9,27;9,27
treasury;treasury bill minus its 60-03 mean;;;;;;;;;;;;;;;;;;;;;-2,34;-2,34;-2,34;-2,34;-2,34;-2,34;-2,34;-2,34;-2,34;-2,34;-2,34;3,91;3,91;3,91;10,91;;;;4,37;4,46;2,36;0,0999999;-3,79;-4,34
discount;discount rate minus its 60-03 mean;;;;;;;;;;;;;;;-3,88;-3,88;-3,88;-3,88;-3,88;-3,88;-3,88;-3,88;-3,88;-3,88;-3,88;-3,88;-1,63;-1,63;-1,63;0,3699999;3,87;4,87;4,87;4,87;14,37;7,37;6,37;4,37;2,87;1,87;-0,6300001;-0,6300001;-1,13;-2,13
interbank;interbank rate minus its 60-03 mean;;;;;;;;;;;;;;;;;;;;;;;;;;;;;;;;;;;8,779999;10,03;7,449999;0,7799997;-0,6200008;-0,5900002;-4,25;-7,670001;-6,820001;-7,06
ydiffer;actual real gdp minus hp filtered trend;;;-32,43347;49,68314;34,87604;30,7298;-27,73489;-26,44254;-12,88635;-11,87512;-1,847839;-41,69751;-18,64093;-7,250793;-34,26947;-3,754578;25,03656;49,6366;94,47345;16,77191;-56,46106;-58,20813;-30,1366;-6,448303;23,39093;58,54694;39,18066;17,31342;-14,70703;23,04358;21,58704;-1,055542;5,250732;-29,78796;-54,54834;-33,30945;-14,83447;-28,7738;-0,4991455;5,275269;-2,259888;-5,826416;9,716309;51,17737
pidifer;current inflation minus 60-03 mean inflation;;;;;-2,880001;-2,880001;-2,880001;-2,880001;-2,880001;-2,880001;-2,880001;-6,68;-5,68;-3,280001;-4,64;-0,6900005;-0,7600002;2,15;6,58;1,57;-0,0400009;4,37;-2,880001;-1,73;-3,150001;0,6499996;3,839999;-3,58;-3,5;-0,4900007;-0,4000006;13,76;18,27;9,379999;16,19;16,81;7,869999;-3,73;-4,440001;-6,700001;-8,97;-5,16;-7,880001;-7
lagtbil;treasury bill rate at t-1;;;;;;;;;;;;;;;;;;;;;;3,25;3,25;3,25;3,25;3,25;3,25;3,25;3,25;3,25;3,25;3,25;9,5;9,5;9,5;16,5;;;;9,96;10,05;7,95;5,69;1,8
laginter;interbank rate at t-1;;;;;;;;;;;;;;;;;;;;;;;;;;;;;;;;;;;;19,8;21,05;18,47;11,8;10,4;10,43;6,77;3,35;4,2
lagdisc;discount rate at t-1;;;;;;;;;;;;;;;;2,75;2,75;2,75;2,75;2,75;2,75;2,75;2,75;2,75;2,75;2,75;2,75;5;5;5;7;10,5;11,5;11,5;11,5;21;14;13;11;9,5;8,5;6;6;5,5
ygap;hp filtered cyclical component over actual real gdp;;;-9,600019;11,2916;7,838968;6,675747;-6,575599;-5,952778;-2,681093;-2,344258;-0,3398662;-7,820444;-3,171111;-1,14605;-5,351394;-0,5316262;3,251493;5,993636;10,4466;1,960455;-6,976418;-6,9828;-3,397806;-0,6897776;2,36945;5,616175;3,765959;1,675871;-1,451156;2,169583;2,016312;-0,0997894;0,4885766;-2,831286;-5,231802;-3,076375;-1,319922;-2,532325;-0,0417975;0,4280415;-0,1794231;-0,4508633;0,7222625;3,592226
;;;;;;;;;;;;;;;;;;;;;;;;;;;;;;;;;;;;;;;;;;;;;
Auxiliary Variables;;;;;;;;;;;;;;;;;;;;;;;;;;;;;;;;;;;;;;;;;;;;;
medgdp;60-03 median of real gdp growth ;3,73;3,73;3,73;3,73;3,73;3,73;3,73;3,73;3,73;3,73;3,73;3,73;3,73;3,73;3,73;3,73;3,73;3,73;3,73;3,73;3,73;3,73;3,73;3,73;3,73;3,73;3,73;3,73;3,73;3,73;3,73;3,73;3,73;3,73;3,73;3,73;3,73;3,73;3,73;3,73;3,73;3,73;3,73;3,73
agdp;current annual real gdp growth;;;;26,42;1,11;3,41;-8,74;5,18;7,88;5,25;7,07;-1,95;9,76;7,35;1,21;9,79;8,64;7,28;8,8;-5,55;-5,55;2,96;6,2;5,26;5,45;5,45;-0,2;-0,7;-1,92;4,69;0,8;-1,21;1,59;-2,12;-0,9;3,78;3,73;1,09;4,97;3,15;2,18;2,57;4,02;5,74
dummy;1 if current growth>median growth rate;;;;1;0;0;0;1;1;1;1;0;1;1;0;1;1;1;1;0;0;0;1;1;1;1;0;0;0;1;0;0;0;0;0;1;1;0;1;0;0;0;1;1
dummy2;1 if current growth > 0 (zero);;;;1;1;1;0;1;1;1;1;0;1;1;1;1;1;1;1;0;0;1;1;1;1;1;0;0;0;1;1;0;1;0;0;1;1;1;1;1;1;1;1;1
timedum;1 if year>1980;0;0;0;0;0;0;0;0;0;0;0;0;0;0;0;0;0;0;0;0;0;1;1;1;1;1;1;1;1;1;1;1;1;1;1;1;1;1;1;1;1;1;1;1
cris1;1 if crisis at 12.5%;0;0;0;0;0;0;0;0;0;0;0;0;0;0;0;0;0;0;0;0;0;0;0;0;0;0;0;0;0;0;0;1;0;0;1;0;0;0;0;0;0;0;0;0
cris2;1 if crisis at 25%;0;0;0;0;0;0;0;0;0;0;0;0;0;0;0;0;0;0;0;0;0;0;0;0;0;0;0;0;0;0;0;1;0;0;1;0;0;0;0;0;0;0;0;0
mcode;fine natural regime classification (RR);2;2;2;2;10;10;10;10;10;10;10;10;10;12;10;10;10;10;10;10;10;10;10;10;10;10;10;10;12;12;12;12;12;12;14;8;8;8;8;8;8;8;;
mgcode;coarse natural regime classification (RR);1;1;1;1;3;3;3;3;3;3;3;3;3;3;3;3;3;3;3;3;3;3;3;3;3;3;3;3;3;3;3;3;3;3;5;2;2;2;2;2;2;2;;
regime;1= 1+2,  2=3+4, 3=5 in RR classification;1;1;1;1;2;2;2;2;2;2;2;2;2;2;2;2;2;2;2;2;2;2;2;2;2;2;2;2;2;2;2;2;2;2;3;1;1;1;1;1;1;1;;